latitude,longitude,county,municipality,date
24.41,120.8,苗栗縣,銅鑼鄉,2024/12/27
24.58,120.73,苗栗縣,後龍鎮,2024/12/26
24.5,120.74,苗栗縣,通霄鎮,2024/12/26
24.58,120.73,苗栗縣,後龍鎮,2024/12/25
24.55,120.79,苗栗縣,苗栗市,2024/12/24
24.51,120.7,苗栗縣,通霄鎮,2024/12/24
24.58,120.73,苗栗縣,後龍鎮,2024/12/23
24.6,120.74,苗栗縣,後龍鎮,2024/12/22
24.6,120.74,苗栗縣,後龍鎮,2024/12/21
24.43,120.72,苗栗縣,通霄鎮,2024/12/21
24.58,120.73,苗栗縣,後龍鎮,2024/12/21
24.5,120.75,苗栗縣,通霄鎮,2024/12/21
24.5,120.74,苗栗縣,通霄鎮,2024/12/21
24.51,120.7,苗栗縣,通霄鎮,2024/12/20
24.6,120.74,苗栗縣,後龍鎮,2024/12/20
24.58,120.73,苗栗縣,後龍鎮,2024/12/19
24.58,120.73,苗栗縣,後龍鎮,2024/12/18
24.5,120.75,苗栗縣,通霄鎮,2024/12/17
24.43,120.73,苗栗縣,通霄鎮,2024/12/16
24.41,120.8,苗栗縣,銅鑼鄉,2024/12/16
24.58,120.73,苗栗縣,後龍鎮,2024/12/15
24.53,120.78,苗栗縣,西湖鄉,2024/12/14
24.51,120.7,苗栗縣,通霄鎮,2024/12/13
24.41,120.8,苗栗縣,銅鑼鄉,2024/12/13
24.5,120.74,苗栗縣,通霄鎮,2024/12/10
24.5,120.75,苗栗縣,通霄鎮,2024/12/10
24.5,120.75,苗栗縣,通霄鎮,2024/12/9
24.5,120.74,苗栗縣,通霄鎮,2024/12/9
24.5,120.75,苗栗縣,通霄鎮,2024/12/7
24.43,120.73,苗栗縣,通霄鎮,2024/12/5
24.56,120.77,苗栗縣,苗栗市,2024/12/5
24.52,120.76,苗栗縣,西湖鄉,2024/12/3
24.57,120.75,苗栗縣,西湖鄉,2024/12/2
24.53,120.77,苗栗縣,西湖鄉,2024/12/1
24.58,120.78,苗栗縣,苗栗市,2024/12/1
24.56,120.77,苗栗縣,苗栗市,2024/12/1
24.5,120.74,苗栗縣,通霄鎮,2024/11/30
24.56,120.77,苗栗縣,苗栗市,2024/11/30
24.58,120.74,苗栗縣,後龍鎮,2024/11/29
24.39,120.76,苗栗縣,三義鄉,2024/11/29
24.59,120.73,苗栗縣,後龍鎮,2024/11/29
24.5,120.75,苗栗縣,通霄鎮,2024/11/28
24.47,120.75,苗栗縣,通霄鎮,2024/11/28
24.43,120.81,苗栗縣,銅鑼鄉,2024/11/28
24.47,120.76,苗栗縣,銅鑼鄉,2024/11/28
24.5,120.74,苗栗縣,通霄鎮,2024/11/28
24.48,120.72,苗栗縣,通霄鎮,2024/11/28
24.56,120.76,苗栗縣,西湖鄉,2024/11/27
24.55,120.76,苗栗縣,西湖鄉,2024/11/27
24.5,120.7,苗栗縣,通霄鎮,2024/11/27
24.59,120.73,苗栗縣,後龍鎮,2024/11/27
24.5,120.7,苗栗縣,通霄鎮,2024/11/26
24.44,120.73,苗栗縣,通霄鎮,2024/11/25
24.59,120.71,苗栗縣,後龍鎮,2024/11/25
24.53,120.77,苗栗縣,西湖鄉,2024/11/24
24.47,120.75,苗栗縣,通霄鎮,2024/11/24
24.47,120.75,苗栗縣,通霄鎮,2024/11/23
24.47,120.76,苗栗縣,銅鑼鄉,2024/11/23
24.55,120.76,苗栗縣,西湖鄉,2024/11/23
24.56,120.77,苗栗縣,苗栗市,2024/11/23
24.5,120.7,苗栗縣,通霄鎮,2024/11/23
24.53,120.77,苗栗縣,西湖鄉,2024/11/23
24.52,120.73,苗栗縣,通霄鎮,2024/11/22
24.5,120.7,苗栗縣,通霄鎮,2024/11/22
24.54,120.78,苗栗縣,西湖鄉,2024/11/22
24.43,120.8,苗栗縣,銅鑼鄉,2024/11/22
24.47,120.75,苗栗縣,通霄鎮,2024/11/21
24.52,120.68,苗栗縣,通霄鎮,2024/11/21
24.4,120.75,苗栗縣,三義鄉,2024/11/20
24.52,120.68,苗栗縣,通霄鎮,2024/11/20
24.56,120.76,苗栗縣,西湖鄉,2024/11/20
24.54,120.78,苗栗縣,西湖鄉,2024/11/20
24.55,120.81,苗栗縣,苗栗市,2024/11/18
24.43,120.73,苗栗縣,通霄鎮,2024/11/18
24.43,120.7,苗栗縣,苑裡鎮,2024/11/17
24.4,120.75,苗栗縣,三義鄉,2024/11/17
24.59,120.71,苗栗縣,後龍鎮,2024/11/17
24.55,120.79,苗栗縣,苗栗市,2024/11/17
24.52,120.68,苗栗縣,通霄鎮,2024/11/17
24.57,120.75,苗栗縣,西湖鄉,2024/11/17
24.59,120.73,苗栗縣,後龍鎮,2024/11/16
24.6,120.74,苗栗縣,後龍鎮,2024/11/16
24.55,120.83,苗栗縣,苗栗市,2024/11/16
24.48,120.75,苗栗縣,通霄鎮,2024/11/16
24.56,120.77,苗栗縣,苗栗市,2024/11/15
24.37,120.74,苗栗縣,三義鄉,2024/11/15
24.38,120.8,苗栗縣,三義鄉,2024/11/15
24.43,120.81,苗栗縣,銅鑼鄉,2024/11/14
24.48,120.75,苗栗縣,通霄鎮,2024/11/13
24.45,120.8,苗栗縣,銅鑼鄉,2024/11/12
24.47,120.76,苗栗縣,銅鑼鄉,2024/11/12
24.47,120.74,苗栗縣,通霄鎮,2024/11/12
24.59,120.73,苗栗縣,後龍鎮,2024/11/12
24.37,120.73,苗栗縣,三義鄉,2024/11/11
24.55,120.81,苗栗縣,苗栗市,2024/11/11
24.53,120.78,苗栗縣,西湖鄉,2024/11/11
24.5,120.7,苗栗縣,通霄鎮,2024/11/11
24.48,120.75,苗栗縣,通霄鎮,2024/11/10
24.52,120.76,苗栗縣,西湖鄉,2024/11/10
24.51,120.7,苗栗縣,通霄鎮,2024/11/10
24.5,120.7,苗栗縣,通霄鎮,2024/11/10
24.52,120.76,苗栗縣,西湖鄉,2024/11/9
24.6,120.74,苗栗縣,後龍鎮,2024/11/9
24.47,120.74,苗栗縣,通霄鎮,2024/11/9
24.43,120.73,苗栗縣,通霄鎮,2024/11/7
24.55,120.83,苗栗縣,苗栗市,2024/11/7
24.48,120.75,苗栗縣,通霄鎮,2024/11/7
24.4,120.75,苗栗縣,三義鄉,2024/11/7
24.43,120.72,苗栗縣,通霄鎮,2024/11/7
24.53,120.78,苗栗縣,西湖鄉,2024/11/7
24.52,120.68,苗栗縣,通霄鎮,2024/11/7
24.57,120.75,苗栗縣,西湖鄉,2024/11/6
24.31,120.79,苗栗縣,卓蘭鎮,2024/11/6
24.43,120.71,苗栗縣,通霄鎮,2024/11/6
24.54,120.73,苗栗縣,西湖鄉,2024/11/5
24.54,120.7,苗栗縣,通霄鎮,2024/11/4
24.5,120.7,苗栗縣,通霄鎮,2024/11/4
24.45,120.8,苗栗縣,銅鑼鄉,2024/11/4
24.51,120.7,苗栗縣,通霄鎮,2024/11/4
24.49,120.75,苗栗縣,通霄鎮,2024/11/4
24.42,120.82,苗栗縣,銅鑼鄉,2024/11/4
24.43,120.73,苗栗縣,通霄鎮,2024/11/3
24.52,120.73,苗栗縣,通霄鎮,2024/11/3
24.45,120.8,苗栗縣,銅鑼鄉,2024/11/3
24.43,120.72,苗栗縣,通霄鎮,2024/11/3
24.48,120.72,苗栗縣,通霄鎮,2024/11/2
24.6,120.74,苗栗縣,後龍鎮,2024/11/2
24.53,120.77,苗栗縣,西湖鄉,2024/11/2
24.38,120.77,苗栗縣,三義鄉,2024/11/2
24.53,120.77,苗栗縣,西湖鄉,2024/11/2
24.43,120.72,苗栗縣,通霄鎮,2024/11/1
24.55,120.74,苗栗縣,西湖鄉,2024/10/31
24.52,120.68,苗栗縣,通霄鎮,2024/10/30
24.56,120.77,苗栗縣,苗栗市,2024/10/30
24.6,120.74,苗栗縣,後龍鎮,2024/10/30
24.5,120.7,苗栗縣,通霄鎮,2024/10/30
24.62,120.87,苗栗縣,造橋鄉,2024/10/30
24.52,120.68,苗栗縣,通霄鎮,2024/10/29
24.57,120.74,苗栗縣,後龍鎮,2024/10/29
24.45,120.8,苗栗縣,銅鑼鄉,2024/10/29
24.46,120.68,苗栗縣,通霄鎮,2024/10/28
24.55,120.83,苗栗縣,苗栗市,2024/10/27
24.47,120.74,苗栗縣,通霄鎮,2024/10/27
24.59,120.74,苗栗縣,後龍鎮,2024/10/27
24.43,120.72,苗栗縣,通霄鎮,2024/10/26
24.48,120.75,苗栗縣,通霄鎮,2024/10/26
24.5,120.7,苗栗縣,通霄鎮,2024/10/25
24.59,120.73,苗栗縣,後龍鎮,2024/10/24
24.48,120.73,苗栗縣,通霄鎮,2024/10/23
24.58,120.74,苗栗縣,後龍鎮,2024/10/23
24.49,120.74,苗栗縣,通霄鎮,2024/10/23
24.38,120.71,苗栗縣,苑裡鎮,2024/10/23
24.45,120.8,苗栗縣,銅鑼鄉,2024/10/23
24.53,120.77,苗栗縣,西湖鄉,2024/10/23
24.51,120.69,苗栗縣,通霄鎮,2024/10/22
24.48,120.73,苗栗縣,通霄鎮,2024/10/22
24.55,120.83,苗栗縣,苗栗市,2024/10/22
24.5,120.7,苗栗縣,通霄鎮,2024/10/21
24.55,120.81,苗栗縣,苗栗市,2024/10/21
24.59,120.73,苗栗縣,後龍鎮,2024/10/21
24.38,120.77,苗栗縣,三義鄉,2024/10/20
24.55,120.83,苗栗縣,苗栗市,2024/10/19
24.52,120.73,苗栗縣,通霄鎮,2024/10/18
24.55,120.83,苗栗縣,苗栗市,2024/10/18
24.52,120.73,苗栗縣,通霄鎮,2024/10/17
24.52,120.68,苗栗縣,通霄鎮,2024/10/17
24.53,120.77,苗栗縣,西湖鄉,2024/10/16
24.5,120.7,苗栗縣,通霄鎮,2024/10/16
24.56,120.77,苗栗縣,苗栗市,2024/10/16
24.59,120.73,苗栗縣,後龍鎮,2024/10/16
24.58,120.74,苗栗縣,後龍鎮,2024/10/16
24.56,120.81,苗栗縣,苗栗市,2024/10/15
24.52,120.68,苗栗縣,通霄鎮,2024/10/15
24.58,120.73,苗栗縣,後龍鎮,2024/10/15
24.38,120.71,苗栗縣,苑裡鎮,2024/10/14
24.45,120.82,苗栗縣,銅鑼鄉,2024/10/14
24.57,120.74,苗栗縣,後龍鎮,2024/10/14
24.57,120.74,苗栗縣,後龍鎮,2024/10/13
24.55,120.71,苗栗縣,通霄鎮,2024/10/12
24.57,120.74,苗栗縣,後龍鎮,2024/10/12
24.38,120.79,苗栗縣,三義鄉,2024/10/11
24.56,120.77,苗栗縣,苗栗市,2024/10/11
24.57,120.74,苗栗縣,後龍鎮,2024/10/11
24.54,120.7,苗栗縣,通霄鎮,2024/10/10
24.59,120.71,苗栗縣,後龍鎮,2024/10/10
24.38,120.79,苗栗縣,三義鄉,2024/10/10
24.59,120.73,苗栗縣,後龍鎮,2024/10/10
24.58,120.74,苗栗縣,後龍鎮,2024/10/10
24.59,120.71,苗栗縣,後龍鎮,2024/10/9
24.55,120.75,苗栗縣,西湖鄉,2024/10/9
24.59,120.73,苗栗縣,後龍鎮,2024/10/9
24.55,120.83,苗栗縣,苗栗市,2024/10/9
24.56,120.77,苗栗縣,苗栗市,2024/10/9
24.48,120.75,苗栗縣,通霄鎮,2024/10/8
24.49,120.74,苗栗縣,通霄鎮,2024/10/7
24.45,120.68,苗栗縣,通霄鎮,2024/10/7
24.56,120.77,苗栗縣,苗栗市,2024/10/7
24.5,120.7,苗栗縣,通霄鎮,2024/10/7
24.37,120.71,苗栗縣,苑裡鎮,2024/10/5
24.54,120.75,苗栗縣,西湖鄉,2024/10/4
24.38,120.71,苗栗縣,苑裡鎮,2024/10/4
24.55,120.74,苗栗縣,西湖鄉,2024/10/3
24.4,120.73,苗栗縣,苑裡鎮,2024/10/3
24.59,120.71,苗栗縣,後龍鎮,2024/10/2
24.51,120.7,苗栗縣,通霄鎮,2024/10/2
24.33,120.86,苗栗縣,卓蘭鎮,2024/10/2
24.59,120.74,苗栗縣,後龍鎮,2024/10/2
24.57,120.74,苗栗縣,西湖鄉,2024/10/2
24.58,120.76,苗栗縣,西湖鄉,2024/10/1
24.5,120.7,苗栗縣,通霄鎮,2024/10/1
24.55,120.76,苗栗縣,西湖鄉,2024/10/1
24.56,120.77,苗栗縣,苗栗市,2024/10/1
24.51,120.7,苗栗縣,通霄鎮,2024/10/1
24.58,120.74,苗栗縣,後龍鎮,2024/10/1
24.58,120.73,苗栗縣,後龍鎮,2024/10/1
24.54,120.7,苗栗縣,通霄鎮,2024/10/1
24.55,120.74,苗栗縣,西湖鄉,2024/9/30
24.45,120.8,苗栗縣,銅鑼鄉,2024/9/30
24.55,120.83,苗栗縣,苗栗市,2024/9/30
24.5,120.7,苗栗縣,通霄鎮,2024/9/30
24.55,120.83,苗栗縣,苗栗市,2024/9/29
24.59,120.71,苗栗縣,後龍鎮,2024/9/29
24.5,120.7,苗栗縣,通霄鎮,2024/9/29
24.42,120.82,苗栗縣,銅鑼鄉,2024/9/28
24.5,120.7,苗栗縣,通霄鎮,2024/9/28
24.56,120.77,苗栗縣,苗栗市,2024/9/28
24.56,120.77,苗栗縣,苗栗市,2024/9/27
24.37,120.74,苗栗縣,三義鄉,2024/9/27
24.58,120.76,苗栗縣,西湖鄉,2024/9/27
24.5,120.7,苗栗縣,通霄鎮,2024/9/27
24.4,120.73,苗栗縣,苑裡鎮,2024/9/27
24.54,120.75,苗栗縣,西湖鄉,2024/9/27
24.5,120.7,苗栗縣,通霄鎮,2024/9/27
24.5,120.7,苗栗縣,通霄鎮,2024/9/26
24.49,120.74,苗栗縣,通霄鎮,2024/9/26
24.48,120.75,苗栗縣,通霄鎮,2024/9/26
24.4,120.73,苗栗縣,苑裡鎮,2024/9/26
24.54,120.73,苗栗縣,西湖鄉,2024/9/26
24.5,120.7,苗栗縣,通霄鎮,2024/9/25
24.58,120.73,苗栗縣,後龍鎮,2024/9/25
24.54,120.77,苗栗縣,西湖鄉,2024/9/25
24.48,120.75,苗栗縣,通霄鎮,2024/9/24
24.4,120.75,苗栗縣,三義鄉,2024/9/24
24.54,120.73,苗栗縣,西湖鄉,2024/9/23
24.54,120.77,苗栗縣,西湖鄉,2024/9/23
24.5,120.7,苗栗縣,通霄鎮,2024/9/23
24.55,120.83,苗栗縣,苗栗市,2024/9/22
24.45,120.64,苗栗縣,苑裡鎮,2024/9/22
24.59,120.73,苗栗縣,後龍鎮,2024/9/22
24.51,120.72,苗栗縣,通霄鎮,2024/9/21
24.54,120.73,苗栗縣,西湖鄉,2024/9/21
24.51,120.73,苗栗縣,通霄鎮,2024/9/21
24.45,120.8,苗栗縣,銅鑼鄉,2024/9/20
24.4,120.71,苗栗縣,苑裡鎮,2024/9/20
24.59,120.71,苗栗縣,後龍鎮,2024/9/20
24.59,120.74,苗栗縣,後龍鎮,2024/9/20
24.38,120.73,苗栗縣,三義鄉,2024/9/20
24.45,120.64,苗栗縣,苑裡鎮,2024/9/20
24.5,120.7,苗栗縣,通霄鎮,2024/9/19
24.38,120.71,苗栗縣,苑裡鎮,2024/9/19
24.38,120.77,苗栗縣,三義鄉,2024/9/19
24.55,120.83,苗栗縣,苗栗市,2024/9/19
24.59,120.71,苗栗縣,後龍鎮,2024/9/18
24.55,120.83,苗栗縣,苗栗市,2024/9/18
24.59,120.73,苗栗縣,後龍鎮,2024/9/18
24.38,120.73,苗栗縣,三義鄉,2024/9/17
24.33,120.86,苗栗縣,卓蘭鎮,2024/9/16
24.45,120.64,苗栗縣,苑裡鎮,2024/9/16
24.55,120.75,苗栗縣,西湖鄉,2024/9/16
24.54,120.7,苗栗縣,通霄鎮,2024/9/15
24.5,120.7,苗栗縣,通霄鎮,2024/9/15
24.55,120.75,苗栗縣,西湖鄉,2024/9/15
24.37,120.73,苗栗縣,三義鄉,2024/9/15
24.4,120.75,苗栗縣,三義鄉,2024/9/14
24.58,120.71,苗栗縣,後龍鎮,2024/9/14
24.54,120.75,苗栗縣,西湖鄉,2024/9/14
24.54,120.7,苗栗縣,通霄鎮,2024/9/14
24.4,120.73,苗栗縣,苑裡鎮,2024/9/13
24.5,120.7,苗栗縣,通霄鎮,2024/9/13
24.59,120.74,苗栗縣,後龍鎮,2024/9/13
24.5,120.7,苗栗縣,通霄鎮,2024/9/12
24.55,120.83,苗栗縣,苗栗市,2024/9/12
24.45,120.64,苗栗縣,苑裡鎮,2024/9/11
24.59,120.73,苗栗縣,後龍鎮,2024/9/11
24.4,120.71,苗栗縣,苑裡鎮,2024/9/11
24.55,120.75,苗栗縣,西湖鄉,2024/9/11
24.54,120.7,苗栗縣,通霄鎮,2024/9/8
24.59,120.71,苗栗縣,後龍鎮,2024/9/8
24.55,120.83,苗栗縣,苗栗市,2024/9/7
24.58,120.74,苗栗縣,後龍鎮,2024/9/7
24.55,120.83,苗栗縣,苗栗市,2024/9/7
24.54,120.7,苗栗縣,通霄鎮,2024/9/7
24.56,120.77,苗栗縣,苗栗市,2024/9/7
24.54,120.7,苗栗縣,通霄鎮,2024/9/6
24.4,120.71,苗栗縣,苑裡鎮,2024/9/6
24.57,120.75,苗栗縣,西湖鄉,2024/9/6
24.42,120.7,苗栗縣,苑裡鎮,2024/9/4
24.58,120.74,苗栗縣,後龍鎮,2024/9/4
24.38,120.71,苗栗縣,苑裡鎮,2024/9/4
24.47,120.75,苗栗縣,通霄鎮,2024/9/3
24.51,120.72,苗栗縣,通霄鎮,2024/9/3
24.55,120.83,苗栗縣,苗栗市,2024/9/3
24.5,120.7,苗栗縣,通霄鎮,2024/9/2
24.4,120.71,苗栗縣,苑裡鎮,2024/9/1
24.59,120.73,苗栗縣,後龍鎮,2024/9/1
24.54,120.77,苗栗縣,西湖鄉,2024/9/1
24.55,120.83,苗栗縣,苗栗市,2024/8/31
24.52,120.68,苗栗縣,通霄鎮,2024/8/31
24.55,120.8,苗栗縣,苗栗市,2024/8/29
24.55,120.83,苗栗縣,苗栗市,2024/8/29
24.5,120.7,苗栗縣,通霄鎮,2024/8/29
24.4,120.71,苗栗縣,苑裡鎮,2024/8/29
24.4,120.75,苗栗縣,三義鄉,2024/8/28
24.55,120.8,苗栗縣,苗栗市,2024/8/28
24.54,120.75,苗栗縣,西湖鄉,2024/8/27
24.45,120.82,苗栗縣,銅鑼鄉,2024/8/27
24.55,120.8,苗栗縣,苗栗市,2024/8/27
24.52,120.78,苗栗縣,西湖鄉,2024/8/27
24.59,120.71,苗栗縣,後龍鎮,2024/8/27
24.39,120.71,苗栗縣,苑裡鎮,2024/8/26
24.38,120.79,苗栗縣,三義鄉,2024/8/26
24.38,120.77,苗栗縣,三義鄉,2024/8/26
24.59,120.71,苗栗縣,後龍鎮,2024/8/25
24.57,120.75,苗栗縣,西湖鄉,2024/8/25
24.55,120.8,苗栗縣,苗栗市,2024/8/25
24.38,120.79,苗栗縣,三義鄉,2024/8/25
24.4,120.75,苗栗縣,三義鄉,2024/8/24
24.55,120.74,苗栗縣,西湖鄉,2024/8/24
24.53,120.77,苗栗縣,西湖鄉,2024/8/24
24.58,120.74,苗栗縣,後龍鎮,2024/8/24
24.33,120.86,苗栗縣,卓蘭鎮,2024/8/24
24.6,120.88,苗栗縣,頭屋鄉,2024/8/24
24.33,120.86,苗栗縣,卓蘭鎮,2024/8/23
24.4,120.71,苗栗縣,苑裡鎮,2024/8/22
24.59,120.74,苗栗縣,後龍鎮,2024/8/22
24.62,120.86,苗栗縣,造橋鄉,2024/8/22
24.5,120.7,苗栗縣,通霄鎮,2024/8/22
24.33,120.86,苗栗縣,卓蘭鎮,2024/8/22
24.5,120.7,苗栗縣,通霄鎮,2024/8/21
24.45,120.8,苗栗縣,銅鑼鄉,2024/8/21
24.33,120.86,苗栗縣,卓蘭鎮,2024/8/21
24.5,120.7,苗栗縣,通霄鎮,2024/8/20
24.53,120.77,苗栗縣,西湖鄉,2024/8/20
24.45,120.8,苗栗縣,銅鑼鄉,2024/8/20
24.4,120.71,苗栗縣,苑裡鎮,2024/8/20
24.58,120.74,苗栗縣,後龍鎮,2024/8/19
24.45,120.8,苗栗縣,銅鑼鄉,2024/8/19
24.63,120.85,苗栗縣,造橋鄉,2024/8/19
24.53,120.73,苗栗縣,通霄鎮,2024/8/19
24.53,120.79,苗栗縣,苗栗市,2024/8/18
24.55,120.83,苗栗縣,苗栗市,2024/8/18
24.48,120.73,苗栗縣,通霄鎮,2024/8/18
24.55,120.83,苗栗縣,苗栗市,2024/8/18
24.4,120.71,苗栗縣,苑裡鎮,2024/8/18
24.59,120.73,苗栗縣,後龍鎮,2024/8/18
24.54,120.75,苗栗縣,西湖鄉,2024/8/18
24.59,120.71,苗栗縣,後龍鎮,2024/8/18
24.45,120.8,苗栗縣,銅鑼鄉,2024/8/16
24.53,120.79,苗栗縣,苗栗市,2024/8/16
24.5,120.7,苗栗縣,通霄鎮,2024/8/16
24.48,120.73,苗栗縣,通霄鎮,2024/8/15
24.53,120.79,苗栗縣,苗栗市,2024/8/15
24.41,120.83,苗栗縣,銅鑼鄉,2024/8/14
24.59,120.71,苗栗縣,後龍鎮,2024/8/14
24.4,120.73,苗栗縣,苑裡鎮,2024/8/14
24.48,120.73,苗栗縣,通霄鎮,2024/8/14
24.52,120.68,苗栗縣,通霄鎮,2024/8/14
24.58,120.74,苗栗縣,後龍鎮,2024/8/13
24.59,120.71,苗栗縣,後龍鎮,2024/8/13
24.53,120.79,苗栗縣,苗栗市,2024/8/13
24.48,120.73,苗栗縣,通霄鎮,2024/8/13
24.56,120.77,苗栗縣,苗栗市,2024/8/12
24.33,120.86,苗栗縣,卓蘭鎮,2024/8/12
24.4,120.79,苗栗縣,三義鄉,2024/8/11
24.38,120.79,苗栗縣,三義鄉,2024/8/11
24.55,120.83,苗栗縣,苗栗市,2024/8/10
24.59,120.73,苗栗縣,後龍鎮,2024/8/10
24.53,120.79,苗栗縣,苗栗市,2024/8/10
24.33,120.86,苗栗縣,卓蘭鎮,2024/8/9
24.53,120.79,苗栗縣,苗栗市,2024/8/9
24.57,120.75,苗栗縣,西湖鄉,2024/8/8
24.53,120.79,苗栗縣,苗栗市,2024/8/8
24.53,120.79,苗栗縣,苗栗市,2024/8/5
24.38,120.77,苗栗縣,三義鄉,2024/8/5
24.45,120.64,苗栗縣,苑裡鎮,2024/8/5
24.49,120.74,苗栗縣,通霄鎮,2024/8/5
24.38,120.73,苗栗縣,三義鄉,2024/8/4
24.56,120.77,苗栗縣,西湖鄉,2024/8/4
24.55,120.75,苗栗縣,西湖鄉,2024/8/2
24.59,120.73,苗栗縣,後龍鎮,2024/8/1
24.51,120.7,苗栗縣,通霄鎮,2024/7/31
24.4,120.75,苗栗縣,三義鄉,2024/7/31
24.53,120.79,苗栗縣,苗栗市,2024/7/31
24.38,120.79,苗栗縣,三義鄉,2024/7/31
24.53,120.79,苗栗縣,苗栗市,2024/7/30
24.59,120.71,苗栗縣,後龍鎮,2024/7/30
24.57,120.77,苗栗縣,西湖鄉,2024/7/29
24.37,120.73,苗栗縣,三義鄉,2024/7/29
24.59,120.71,苗栗縣,後龍鎮,2024/7/28
24.53,120.79,苗栗縣,苗栗市,2024/7/28
24.51,120.7,苗栗縣,通霄鎮,2024/7/27
24.59,120.73,苗栗縣,後龍鎮,2024/7/27
24.5,120.69,苗栗縣,通霄鎮,2024/7/27
24.59,120.71,苗栗縣,後龍鎮,2024/7/27
24.55,120.83,苗栗縣,苗栗市,2024/7/27
24.58,120.73,苗栗縣,後龍鎮,2024/7/27
24.55,120.83,苗栗縣,苗栗市,2024/7/27
24.5,120.7,苗栗縣,通霄鎮,2024/7/27
24.45,120.8,苗栗縣,銅鑼鄉,2024/7/27
24.58,120.74,苗栗縣,後龍鎮,2024/7/26
24.51,120.72,苗栗縣,通霄鎮,2024/7/26
24.63,120.86,苗栗縣,造橋鄉,2024/7/26
24.53,120.79,苗栗縣,苗栗市,2024/7/26
24.59,120.73,苗栗縣,後龍鎮,2024/7/24
24.48,120.76,苗栗縣,銅鑼鄉,2024/7/24
24.55,120.83,苗栗縣,苗栗市,2024/7/24
24.38,120.73,苗栗縣,三義鄉,2024/7/23
24.59,120.73,苗栗縣,後龍鎮,2024/7/23
24.32,120.83,苗栗縣,卓蘭鎮,2024/7/22
24.45,120.82,苗栗縣,銅鑼鄉,2024/7/21
24.59,120.73,苗栗縣,後龍鎮,2024/7/20
24.4,120.75,苗栗縣,三義鄉,2024/7/20
24.5,120.7,苗栗縣,通霄鎮,2024/7/19
24.59,120.73,苗栗縣,後龍鎮,2024/7/19
24.42,120.82,苗栗縣,銅鑼鄉,2024/7/19
24.59,120.73,苗栗縣,後龍鎮,2024/7/18
24.45,120.82,苗栗縣,銅鑼鄉,2024/7/18
24.42,120.82,苗栗縣,銅鑼鄉,2024/7/17
24.55,120.71,苗栗縣,通霄鎮,2024/7/17
24.38,120.71,苗栗縣,苑裡鎮,2024/7/16
24.45,120.82,苗栗縣,銅鑼鄉,2024/7/16
24.45,120.8,苗栗縣,銅鑼鄉,2024/7/16
24.49,120.75,苗栗縣,通霄鎮,2024/7/15
24.47,120.75,苗栗縣,通霄鎮,2024/7/15
24.53,120.73,苗栗縣,通霄鎮,2024/7/14
24.38,120.73,苗栗縣,三義鄉,2024/7/14
24.56,120.77,苗栗縣,苗栗市,2024/7/12
24.55,120.71,苗栗縣,通霄鎮,2024/7/12
24.59,120.73,苗栗縣,後龍鎮,2024/7/12
24.58,120.74,苗栗縣,後龍鎮,2024/7/12
24.53,120.77,苗栗縣,西湖鄉,2024/7/12
24.53,120.77,苗栗縣,西湖鄉,2024/7/11
24.59,120.73,苗栗縣,後龍鎮,2024/7/11
24.55,120.83,苗栗縣,苗栗市,2024/7/11
24.58,120.74,苗栗縣,後龍鎮,2024/7/10
24.38,120.71,苗栗縣,苑裡鎮,2024/7/10
24.49,120.75,苗栗縣,通霄鎮,2024/7/10
24.59,120.73,苗栗縣,後龍鎮,2024/7/8
24.38,120.71,苗栗縣,苑裡鎮,2024/7/7
24.58,120.73,苗栗縣,後龍鎮,2024/7/7
24.58,120.74,苗栗縣,後龍鎮,2024/7/6
24.42,120.82,苗栗縣,銅鑼鄉,2024/7/6
24.58,120.71,苗栗縣,後龍鎮,2024/7/6
24.51,120.7,苗栗縣,通霄鎮,2024/7/6
24.59,120.74,苗栗縣,後龍鎮,2024/7/4
24.5,120.69,苗栗縣,通霄鎮,2024/7/4
24.53,120.73,苗栗縣,通霄鎮,2024/7/3
24.38,120.73,苗栗縣,三義鄉,2024/7/3
24.59,120.74,苗栗縣,後龍鎮,2024/7/2
24.53,120.77,苗栗縣,西湖鄉,2024/7/2
24.59,120.73,苗栗縣,後龍鎮,2024/7/2
24.5,120.69,苗栗縣,通霄鎮,2024/7/1
24.58,120.73,苗栗縣,後龍鎮,2024/6/30
24.45,120.8,苗栗縣,銅鑼鄉,2024/6/29
24.46,120.7,苗栗縣,通霄鎮,2024/6/29
24.55,120.83,苗栗縣,苗栗市,2024/6/29
24.58,120.74,苗栗縣,後龍鎮,2024/6/29
24.55,120.83,苗栗縣,苗栗市,2024/6/28
24.58,120.73,苗栗縣,後龍鎮,2024/6/28
24.55,120.83,苗栗縣,苗栗市,2024/6/27
24.48,120.76,苗栗縣,銅鑼鄉,2024/6/27
24.59,120.74,苗栗縣,後龍鎮,2024/6/27
24.58,120.74,苗栗縣,後龍鎮,2024/6/26
24.38,120.8,苗栗縣,三義鄉,2024/6/26
24.51,120.73,苗栗縣,通霄鎮,2024/6/26
24.51,120.7,苗栗縣,通霄鎮,2024/6/25
24.59,120.73,苗栗縣,後龍鎮,2024/6/24
24.53,120.79,苗栗縣,苗栗市,2024/6/23
24.51,120.69,苗栗縣,通霄鎮,2024/6/23
24.47,120.76,苗栗縣,銅鑼鄉,2024/6/22
24.45,120.8,苗栗縣,銅鑼鄉,2024/6/21
24.58,120.74,苗栗縣,後龍鎮,2024/6/19
24.5,120.7,苗栗縣,通霄鎮,2024/6/19
24.59,120.71,苗栗縣,後龍鎮,2024/6/19
24.45,120.8,苗栗縣,銅鑼鄉,2024/6/18
24.54,120.73,苗栗縣,西湖鄉,2024/6/18
24.53,120.79,苗栗縣,苗栗市,2024/6/18
24.53,120.77,苗栗縣,西湖鄉,2024/6/18
24.45,120.8,苗栗縣,銅鑼鄉,2024/6/17
24.55,120.83,苗栗縣,苗栗市,2024/6/17
24.55,120.83,苗栗縣,苗栗市,2024/6/17
24.55,120.83,苗栗縣,苗栗市,2024/6/17
24.54,120.73,苗栗縣,西湖鄉,2024/6/16
24.59,120.74,苗栗縣,後龍鎮,2024/6/16
24.45,120.8,苗栗縣,銅鑼鄉,2024/6/16
24.45,120.8,苗栗縣,銅鑼鄉,2024/6/15
24.45,120.8,苗栗縣,銅鑼鄉,2024/6/14
24.52,120.68,苗栗縣,通霄鎮,2024/6/14
24.53,120.73,苗栗縣,通霄鎮,2024/6/14
24.54,120.73,苗栗縣,西湖鄉,2024/6/14
24.57,120.77,苗栗縣,西湖鄉,2024/6/14
24.59,120.71,苗栗縣,後龍鎮,2024/6/14
24.4,120.75,苗栗縣,三義鄉,2024/6/14
24.58,120.73,苗栗縣,後龍鎮,2024/6/13
24.59,120.73,苗栗縣,後龍鎮,2024/6/12
24.45,120.8,苗栗縣,銅鑼鄉,2024/6/11
24.51,120.72,苗栗縣,通霄鎮,2024/6/10
24.55,120.83,苗栗縣,苗栗市,2024/6/10
24.38,120.79,苗栗縣,三義鄉,2024/6/9
24.45,120.8,苗栗縣,銅鑼鄉,2024/6/8
24.59,120.71,苗栗縣,後龍鎮,2024/6/8
24.48,120.75,苗栗縣,通霄鎮,2024/6/8
24.55,120.83,苗栗縣,苗栗市,2024/6/8
24.4,120.75,苗栗縣,三義鄉,2024/6/7
24.55,120.83,苗栗縣,苗栗市,2024/6/7
24.4,120.75,苗栗縣,三義鄉,2024/6/7
24.59,120.71,苗栗縣,後龍鎮,2024/6/7
24.45,120.8,苗栗縣,銅鑼鄉,2024/6/6
24.48,120.76,苗栗縣,銅鑼鄉,2024/6/6
24.55,120.83,苗栗縣,苗栗市,2024/6/5
24.55,120.83,苗栗縣,苗栗市,2024/6/5
24.45,120.8,苗栗縣,銅鑼鄉,2024/6/4
24.55,120.83,苗栗縣,苗栗市,2024/6/4
24.59,120.71,苗栗縣,後龍鎮,2024/6/4
24.55,120.83,苗栗縣,苗栗市,2024/6/3
24.55,120.83,苗栗縣,苗栗市,2024/6/3
24.55,120.79,苗栗縣,苗栗市,2024/6/2
24.45,120.8,苗栗縣,銅鑼鄉,2024/6/2
24.51,120.72,苗栗縣,通霄鎮,2024/6/2
24.55,120.83,苗栗縣,苗栗市,2024/6/2
24.55,120.79,苗栗縣,苗栗市,2024/6/1
24.59,120.71,苗栗縣,後龍鎮,2024/6/1
24.37,120.74,苗栗縣,三義鄉,2024/5/31
24.55,120.83,苗栗縣,苗栗市,2024/5/30
24.46,120.82,苗栗縣,銅鑼鄉,2024/5/30
24.51,120.72,苗栗縣,通霄鎮,2024/5/29
24.56,120.77,苗栗縣,苗栗市,2024/5/28
24.55,120.83,苗栗縣,苗栗市,2024/5/27
24.37,120.73,苗栗縣,三義鄉,2024/5/26
24.55,120.79,苗栗縣,苗栗市,2024/5/26
24.47,120.76,苗栗縣,銅鑼鄉,2024/5/26
24.52,120.68,苗栗縣,通霄鎮,2024/5/25
24.38,120.79,苗栗縣,三義鄉,2024/5/24
24.58,120.74,苗栗縣,後龍鎮,2024/5/24
24.58,120.73,苗栗縣,後龍鎮,2024/5/24
24.51,120.73,苗栗縣,通霄鎮,2024/5/22
24.59,120.73,苗栗縣,後龍鎮,2024/5/22
24.5,120.7,苗栗縣,通霄鎮,2024/5/21
24.48,120.76,苗栗縣,銅鑼鄉,2024/5/21
24.58,120.74,苗栗縣,後龍鎮,2024/5/20
24.55,120.83,苗栗縣,苗栗市,2024/5/20
24.51,120.72,苗栗縣,通霄鎮,2024/5/19
24.59,120.73,苗栗縣,後龍鎮,2024/5/19
24.37,120.74,苗栗縣,三義鄉,2024/5/19
24.52,120.7,苗栗縣,通霄鎮,2024/5/18
24.37,120.73,苗栗縣,三義鄉,2024/5/18
24.59,120.71,苗栗縣,後龍鎮,2024/5/18
24.45,120.8,苗栗縣,銅鑼鄉,2024/5/17
24.56,120.77,苗栗縣,苗栗市,2024/5/17
24.6,120.88,苗栗縣,造橋鄉,2024/5/16
24.45,120.8,苗栗縣,銅鑼鄉,2024/5/15
24.51,120.73,苗栗縣,通霄鎮,2024/5/15
24.55,120.83,苗栗縣,苗栗市,2024/5/14
24.55,120.83,苗栗縣,苗栗市,2024/5/14
24.55,120.83,苗栗縣,苗栗市,2024/5/14
24.53,120.73,苗栗縣,通霄鎮,2024/5/12
24.49,120.74,苗栗縣,通霄鎮,2024/5/11
24.58,120.74,苗栗縣,後龍鎮,2024/5/10
24.38,120.71,苗栗縣,苑裡鎮,2024/5/10
24.37,120.74,苗栗縣,三義鄉,2024/5/9
24.55,120.79,苗栗縣,苗栗市,2024/5/9
24.5,120.7,苗栗縣,通霄鎮,2024/5/9
24.59,120.73,苗栗縣,後龍鎮,2024/5/9
24.51,120.72,苗栗縣,通霄鎮,2024/5/9
24.38,120.77,苗栗縣,三義鄉,2024/5/9
24.48,120.75,苗栗縣,通霄鎮,2024/5/9
24.4,120.75,苗栗縣,三義鄉,2024/5/8
24.59,120.71,苗栗縣,後龍鎮,2024/5/8
24.51,120.72,苗栗縣,通霄鎮,2024/5/8
24.59,120.71,苗栗縣,後龍鎮,2024/5/8
24.55,120.79,苗栗縣,苗栗市,2024/5/8
24.59,120.73,苗栗縣,後龍鎮,2024/5/7
24.51,120.72,苗栗縣,通霄鎮,2024/5/7
24.58,120.74,苗栗縣,後龍鎮,2024/5/7
24.5,120.7,苗栗縣,通霄鎮,2024/5/7
24.55,120.79,苗栗縣,苗栗市,2024/5/7
24.5,120.7,苗栗縣,通霄鎮,2024/5/6
24.4,120.75,苗栗縣,三義鄉,2024/5/5
24.55,120.79,苗栗縣,苗栗市,2024/5/5
24.5,120.7,苗栗縣,通霄鎮,2024/5/5
24.38,120.77,苗栗縣,三義鄉,2024/5/4
24.59,120.71,苗栗縣,後龍鎮,2024/5/4
24.38,120.77,苗栗縣,三義鄉,2024/5/3
24.45,120.8,苗栗縣,銅鑼鄉,2024/5/3
24.38,120.77,苗栗縣,三義鄉,2024/5/3
24.55,120.79,苗栗縣,苗栗市,2024/5/3
24.38,120.77,苗栗縣,三義鄉,2024/5/3
24.38,120.79,苗栗縣,三義鄉,2024/5/3
24.59,120.71,苗栗縣,後龍鎮,2024/5/2
24.38,120.77,苗栗縣,三義鄉,2024/5/2
24.51,120.72,苗栗縣,通霄鎮,2024/5/2
24.47,120.75,苗栗縣,通霄鎮,2024/5/1
24.56,120.76,苗栗縣,西湖鄉,2024/4/30
24.51,120.72,苗栗縣,通霄鎮,2024/4/30
24.55,120.83,苗栗縣,苗栗市,2024/4/30
24.37,120.74,苗栗縣,三義鄉,2024/4/29
24.59,120.74,苗栗縣,後龍鎮,2024/4/29
24.59,120.71,苗栗縣,後龍鎮,2024/4/28
24.53,120.73,苗栗縣,通霄鎮,2024/4/26
24.58,120.74,苗栗縣,後龍鎮,2024/4/26
24.37,120.74,苗栗縣,三義鄉,2024/4/26
24.56,120.77,苗栗縣,苗栗市,2024/4/26
24.37,120.73,苗栗縣,三義鄉,2024/4/26
24.56,120.76,苗栗縣,西湖鄉,2024/4/25
24.55,120.79,苗栗縣,苗栗市,2024/4/25
24.51,120.72,苗栗縣,通霄鎮,2024/4/25
24.59,120.73,苗栗縣,後龍鎮,2024/4/25
24.51,120.72,苗栗縣,通霄鎮,2024/4/24
24.55,120.83,苗栗縣,苗栗市,2024/4/24
24.55,120.79,苗栗縣,苗栗市,2024/4/24
24.38,120.79,苗栗縣,三義鄉,2024/4/23
24.59,120.71,苗栗縣,後龍鎮,2024/4/23
24.55,120.79,苗栗縣,苗栗市,2024/4/22
24.53,120.77,苗栗縣,西湖鄉,2024/4/22
24.58,120.71,苗栗縣,後龍鎮,2024/4/22
24.51,120.72,苗栗縣,通霄鎮,2024/4/21
24.53,120.77,苗栗縣,西湖鄉,2024/4/21
24.38,120.8,苗栗縣,三義鄉,2024/4/20
24.53,120.77,苗栗縣,西湖鄉,2024/4/20
24.59,120.71,苗栗縣,後龍鎮,2024/4/19
24.56,120.76,苗栗縣,西湖鄉,2024/4/19
24.59,120.71,苗栗縣,後龍鎮,2024/4/18
24.53,120.77,苗栗縣,西湖鄉,2024/4/18
24.56,120.76,苗栗縣,西湖鄉,2024/4/18
24.53,120.77,苗栗縣,西湖鄉,2024/4/16
24.55,120.83,苗栗縣,苗栗市,2024/4/16
24.38,120.71,苗栗縣,苑裡鎮,2024/4/16
24.53,120.77,苗栗縣,西湖鄉,2024/4/15
24.55,120.83,苗栗縣,苗栗市,2024/4/15
24.55,120.83,苗栗縣,苗栗市,2024/4/15
24.45,120.8,苗栗縣,銅鑼鄉,2024/4/15
24.45,120.8,苗栗縣,銅鑼鄉,2024/4/14
24.47,120.76,苗栗縣,銅鑼鄉,2024/4/14
24.59,120.71,苗栗縣,後龍鎮,2024/4/14
24.56,120.76,苗栗縣,西湖鄉,2024/4/13
24.59,120.71,苗栗縣,後龍鎮,2024/4/12
24.53,120.77,苗栗縣,西湖鄉,2024/4/12
24.62,120.84,苗栗縣,造橋鄉,2024/4/12
24.53,120.77,苗栗縣,西湖鄉,2024/4/11
24.37,120.76,苗栗縣,三義鄉,2024/4/11
24.59,120.71,苗栗縣,後龍鎮,2024/4/11
24.5,120.69,苗栗縣,通霄鎮,2024/4/11
24.37,120.76,苗栗縣,三義鄉,2024/4/10
24.54,120.73,苗栗縣,西湖鄉,2024/4/10
24.59,120.71,苗栗縣,後龍鎮,2024/4/8
24.38,120.71,苗栗縣,苑裡鎮,2024/4/8
24.37,120.76,苗栗縣,三義鄉,2024/4/8
24.54,120.73,苗栗縣,西湖鄉,2024/4/7
24.45,120.8,苗栗縣,銅鑼鄉,2024/4/7
24.37,120.76,苗栗縣,三義鄉,2024/4/7
24.53,120.77,苗栗縣,西湖鄉,2024/4/6
24.37,120.74,苗栗縣,三義鄉,2024/4/6
24.58,120.74,苗栗縣,後龍鎮,2024/4/4
24.59,120.71,苗栗縣,後龍鎮,2024/4/3
24.53,120.77,苗栗縣,西湖鄉,2024/4/3
24.37,120.76,苗栗縣,三義鄉,2024/4/3
24.37,120.73,苗栗縣,三義鄉,2024/4/3
24.53,120.73,苗栗縣,通霄鎮,2024/4/3
24.49,120.71,苗栗縣,通霄鎮,2024/4/2
24.53,120.77,苗栗縣,西湖鄉,2024/4/2
24.5,120.69,苗栗縣,通霄鎮,2024/3/31
24.5,120.7,苗栗縣,通霄鎮,2024/3/31
24.59,120.71,苗栗縣,後龍鎮,2024/3/30
24.59,120.71,苗栗縣,後龍鎮,2024/3/29
24.55,120.79,苗栗縣,苗栗市,2024/3/29
24.4,120.75,苗栗縣,三義鄉,2024/3/29
24.4,120.75,苗栗縣,三義鄉,2024/3/29
24.53,120.77,苗栗縣,西湖鄉,2024/3/29
24.59,120.71,苗栗縣,後龍鎮,2024/3/28
24.53,120.77,苗栗縣,西湖鄉,2024/3/28
24.55,120.79,苗栗縣,苗栗市,2024/3/28
24.56,120.77,苗栗縣,苗栗市,2024/3/27
24.55,120.83,苗栗縣,苗栗市,2024/3/27
24.55,120.79,苗栗縣,苗栗市,2024/3/27
24.42,120.79,苗栗縣,銅鑼鄉,2024/3/27
24.59,120.74,苗栗縣,後龍鎮,2024/3/26
24.59,120.71,苗栗縣,後龍鎮,2024/3/25
24.53,120.77,苗栗縣,西湖鄉,2024/3/25
24.59,120.71,苗栗縣,後龍鎮,2024/3/24
24.59,120.78,苗栗縣,後龍鎮,2024/3/24
24.51,120.73,苗栗縣,通霄鎮,2024/3/24
24.53,120.77,苗栗縣,西湖鄉,2024/3/24
24.59,120.71,苗栗縣,後龍鎮,2024/3/23
24.53,120.77,苗栗縣,西湖鄉,2024/3/23
24.55,120.83,苗栗縣,苗栗市,2024/3/23
24.38,120.8,苗栗縣,三義鄉,2024/3/22
24.59,120.71,苗栗縣,後龍鎮,2024/3/22
24.53,120.77,苗栗縣,西湖鄉,2024/3/22
24.47,120.75,苗栗縣,通霄鎮,2024/3/21
24.54,120.73,苗栗縣,西湖鄉,2024/3/21
24.37,120.76,苗栗縣,三義鄉,2024/3/21
24.53,120.77,苗栗縣,西湖鄉,2024/3/21
24.5,120.7,苗栗縣,通霄鎮,2024/3/21
24.47,120.76,苗栗縣,銅鑼鄉,2024/3/20
24.48,120.76,苗栗縣,銅鑼鄉,2024/3/20
24.59,120.71,苗栗縣,後龍鎮,2024/3/20
24.53,120.77,苗栗縣,西湖鄉,2024/3/20
24.54,120.73,苗栗縣,西湖鄉,2024/3/20
24.59,120.71,苗栗縣,後龍鎮,2024/3/19
24.58,120.73,苗栗縣,後龍鎮,2024/3/19
24.51,120.72,苗栗縣,通霄鎮,2024/3/19
24.59,120.78,苗栗縣,後龍鎮,2024/3/19
24.37,120.73,苗栗縣,三義鄉,2024/3/19
24.53,120.77,苗栗縣,西湖鄉,2024/3/19
24.59,120.71,苗栗縣,後龍鎮,2024/3/19
24.58,120.71,苗栗縣,後龍鎮,2024/3/18
24.59,120.78,苗栗縣,後龍鎮,2024/3/18
24.51,120.7,苗栗縣,通霄鎮,2024/3/18
24.55,120.83,苗栗縣,苗栗市,2024/3/18
24.55,120.83,苗栗縣,苗栗市,2024/3/18
24.53,120.77,苗栗縣,西湖鄉,2024/3/18
24.55,120.83,苗栗縣,苗栗市,2024/3/17
24.59,120.74,苗栗縣,後龍鎮,2024/3/17
24.51,120.73,苗栗縣,通霄鎮,2024/3/17
24.53,120.77,苗栗縣,西湖鄉,2024/3/17
24.48,120.76,苗栗縣,銅鑼鄉,2024/3/17
24.59,120.73,苗栗縣,後龍鎮,2024/3/17
24.55,120.83,苗栗縣,苗栗市,2024/3/17
24.59,120.71,苗栗縣,後龍鎮,2024/3/16
24.48,120.75,苗栗縣,通霄鎮,2024/3/15
24.59,120.73,苗栗縣,後龍鎮,2024/3/14
24.56,120.77,苗栗縣,苗栗市,2024/3/14
24.4,120.75,苗栗縣,三義鄉,2024/3/14
24.51,120.73,苗栗縣,通霄鎮,2024/3/14
24.53,120.77,苗栗縣,西湖鄉,2024/3/14
24.47,120.76,苗栗縣,銅鑼鄉,2024/3/13
24.56,120.77,苗栗縣,苗栗市,2024/3/13
24.51,120.72,苗栗縣,通霄鎮,2024/3/13
24.55,120.83,苗栗縣,苗栗市,2024/3/12
24.37,120.73,苗栗縣,三義鄉,2024/3/12
24.53,120.77,苗栗縣,西湖鄉,2024/3/12
24.55,120.83,苗栗縣,苗栗市,2024/3/12
24.59,120.78,苗栗縣,後龍鎮,2024/3/12
24.48,120.76,苗栗縣,銅鑼鄉,2024/3/12
24.59,120.78,苗栗縣,後龍鎮,2024/3/11
24.59,120.78,苗栗縣,後龍鎮,2024/3/10
24.49,120.72,苗栗縣,通霄鎮,2024/3/9
24.59,120.71,苗栗縣,後龍鎮,2024/3/9
24.37,120.73,苗栗縣,三義鄉,2024/3/9
24.53,120.77,苗栗縣,西湖鄉,2024/3/9
24.58,120.71,苗栗縣,後龍鎮,2024/3/9
24.47,120.76,苗栗縣,銅鑼鄉,2024/3/8
24.49,120.72,苗栗縣,通霄鎮,2024/3/8
24.56,120.77,苗栗縣,苗栗市,2024/3/8
24.37,120.76,苗栗縣,三義鄉,2024/3/8
24.37,120.73,苗栗縣,三義鄉,2024/3/7
24.59,120.73,苗栗縣,後龍鎮,2024/3/7
24.49,120.72,苗栗縣,通霄鎮,2024/3/5
24.5,120.7,苗栗縣,通霄鎮,2024/3/5
24.55,120.83,苗栗縣,苗栗市,2024/3/4
24.38,120.73,苗栗縣,三義鄉,2024/3/4
24.52,120.68,苗栗縣,通霄鎮,2024/3/4
24.4,120.75,苗栗縣,三義鄉,2024/3/4
24.59,120.78,苗栗縣,後龍鎮,2024/3/4
24.55,120.83,苗栗縣,苗栗市,2024/3/3
24.45,120.8,苗栗縣,銅鑼鄉,2024/3/3
24.37,120.73,苗栗縣,三義鄉,2024/3/3
24.55,120.83,苗栗縣,苗栗市,2024/3/2
24.59,120.78,苗栗縣,後龍鎮,2024/3/2
24.5,120.69,苗栗縣,通霄鎮,2024/3/2
24.49,120.72,苗栗縣,通霄鎮,2024/3/2
24.48,120.72,苗栗縣,通霄鎮,2024/3/1
24.59,120.71,苗栗縣,後龍鎮,2024/3/1
24.59,120.74,苗栗縣,後龍鎮,2024/3/1
24.56,120.77,苗栗縣,苗栗市,2024/2/29
24.37,120.73,苗栗縣,三義鄉,2024/2/28
24.56,120.77,苗栗縣,苗栗市,2024/2/28
24.5,120.7,苗栗縣,通霄鎮,2024/2/27
24.59,120.71,苗栗縣,後龍鎮,2024/2/27
24.55,120.8,苗栗縣,苗栗市,2024/2/27
24.51,120.71,苗栗縣,通霄鎮,2024/2/26
24.55,120.83,苗栗縣,苗栗市,2024/2/26
24.56,120.77,苗栗縣,苗栗市,2024/2/26
24.38,120.77,苗栗縣,三義鄉,2024/2/26
24.55,120.83,苗栗縣,苗栗市,2024/2/26
24.57,120.77,苗栗縣,西湖鄉,2024/2/25
24.38,120.77,苗栗縣,三義鄉,2024/2/25
24.56,120.77,苗栗縣,西湖鄉,2024/2/25
24.62,120.84,苗栗縣,造橋鄉,2024/2/25
24.56,120.77,苗栗縣,苗栗市,2024/2/24
24.5,120.7,苗栗縣,通霄鎮,2024/2/24
24.59,120.78,苗栗縣,後龍鎮,2024/2/23
24.59,120.73,苗栗縣,後龍鎮,2024/2/23
24.49,120.72,苗栗縣,通霄鎮,2024/2/22
24.38,120.8,苗栗縣,三義鄉,2024/2/22
24.59,120.78,苗栗縣,後龍鎮,2024/2/22
24.37,120.73,苗栗縣,三義鄉,2024/2/21
24.59,120.78,苗栗縣,後龍鎮,2024/2/21
24.33,120.83,苗栗縣,卓蘭鎮,2024/2/19
24.38,120.71,苗栗縣,苑裡鎮,2024/2/19
24.38,120.73,苗栗縣,三義鄉,2024/2/18
24.48,120.75,苗栗縣,通霄鎮,2024/2/18
24.33,120.83,苗栗縣,卓蘭鎮,2024/2/18
24.55,120.8,苗栗縣,苗栗市,2024/2/18
24.51,120.73,苗栗縣,通霄鎮,2024/2/18
24.37,120.73,苗栗縣,三義鄉,2024/2/17
24.51,120.73,苗栗縣,通霄鎮,2024/2/16
24.59,120.78,苗栗縣,後龍鎮,2024/2/15
24.48,120.76,苗栗縣,銅鑼鄉,2024/2/15
24.58,120.73,苗栗縣,後龍鎮,2024/2/15
24.38,120.8,苗栗縣,三義鄉,2024/2/15
24.55,120.8,苗栗縣,苗栗市,2024/2/15
24.55,120.8,苗栗縣,苗栗市,2024/2/14
24.56,120.77,苗栗縣,苗栗市,2024/2/13
24.58,120.73,苗栗縣,後龍鎮,2024/2/13
24.38,120.73,苗栗縣,三義鄉,2024/2/13
24.38,120.73,苗栗縣,三義鄉,2024/2/12
24.37,120.71,苗栗縣,苑裡鎮,2024/2/12
24.55,120.8,苗栗縣,苗栗市,2024/2/12
24.4,120.79,苗栗縣,三義鄉,2024/2/11
24.56,120.77,苗栗縣,苗栗市,2024/2/11
24.38,120.73,苗栗縣,三義鄉,2024/2/11
24.55,120.83,苗栗縣,苗栗市,2024/2/11
24.59,120.74,苗栗縣,後龍鎮,2024/2/11
24.55,120.81,苗栗縣,苗栗市,2024/2/11
24.55,120.83,苗栗縣,苗栗市,2024/2/11
24.57,120.77,苗栗縣,西湖鄉,2024/2/11
24.58,120.73,苗栗縣,後龍鎮,2024/2/11
24.45,120.8,苗栗縣,銅鑼鄉,2024/2/11
24.59,120.78,苗栗縣,後龍鎮,2024/2/10
24.55,120.83,苗栗縣,苗栗市,2024/2/10
24.55,120.83,苗栗縣,苗栗市,2024/2/9
24.55,120.83,苗栗縣,苗栗市,2024/2/9
24.59,120.71,苗栗縣,後龍鎮,2024/2/9
24.54,120.73,苗栗縣,西湖鄉,2024/2/9
24.4,120.75,苗栗縣,三義鄉,2024/2/9
24.4,120.75,苗栗縣,三義鄉,2024/2/8
24.55,120.83,苗栗縣,苗栗市,2024/2/8
24.59,120.78,苗栗縣,後龍鎮,2024/2/8
24.37,120.73,苗栗縣,三義鄉,2024/2/8
24.59,120.78,苗栗縣,後龍鎮,2024/2/7
24.37,120.73,苗栗縣,三義鄉,2024/2/7
24.45,120.65,苗栗縣,苑裡鎮,2024/2/6
24.56,120.77,苗栗縣,苗栗市,2024/2/6
24.57,120.77,苗栗縣,西湖鄉,2024/2/5
24.56,120.76,苗栗縣,西湖鄉,2024/2/5
24.59,120.74,苗栗縣,後龍鎮,2024/2/3
24.59,120.74,苗栗縣,後龍鎮,2024/2/2
24.41,120.83,苗栗縣,銅鑼鄉,2024/2/2
24.55,120.8,苗栗縣,苗栗市,2024/2/1
24.55,120.8,苗栗縣,苗栗市,2024/1/31
24.59,120.78,苗栗縣,後龍鎮,2024/1/31
24.59,120.78,苗栗縣,後龍鎮,2024/1/30
24.62,120.84,苗栗縣,造橋鄉,2024/1/30
24.59,120.71,苗栗縣,後龍鎮,2024/1/29
24.39,120.76,苗栗縣,三義鄉,2024/1/29
24.5,120.7,苗栗縣,通霄鎮,2024/1/29
24.58,120.73,苗栗縣,後龍鎮,2024/1/29
24.59,120.78,苗栗縣,後龍鎮,2024/1/28
24.55,120.83,苗栗縣,苗栗市,2024/1/28
24.38,120.77,苗栗縣,三義鄉,2024/1/28
24.58,120.73,苗栗縣,後龍鎮,2024/1/28
24.58,120.74,苗栗縣,後龍鎮,2024/1/28
24.37,120.73,苗栗縣,三義鄉,2024/1/28
24.37,120.74,苗栗縣,三義鄉,2024/1/28
24.58,120.74,苗栗縣,後龍鎮,2024/1/27
24.54,120.71,苗栗縣,通霄鎮,2024/1/27
24.55,120.8,苗栗縣,苗栗市,2024/1/27
24.45,120.82,苗栗縣,銅鑼鄉,2024/1/25
24.4,120.75,苗栗縣,三義鄉,2024/1/25
24.51,120.71,苗栗縣,通霄鎮,2024/1/25
24.59,120.74,苗栗縣,後龍鎮,2024/1/25
24.62,120.84,苗栗縣,造橋鄉,2024/1/23
24.59,120.73,苗栗縣,後龍鎮,2024/1/23
24.37,120.71,苗栗縣,苑裡鎮,2024/1/22
24.38,120.77,苗栗縣,三義鄉,2024/1/22
24.59,120.74,苗栗縣,後龍鎮,2024/1/22
24.55,120.8,苗栗縣,苗栗市,2024/1/22
24.54,120.73,苗栗縣,西湖鄉,2024/1/22
24.58,120.73,苗栗縣,後龍鎮,2024/1/22
24.55,120.83,苗栗縣,苗栗市,2024/1/21
24.4,120.75,苗栗縣,三義鄉,2024/1/21
24.55,120.8,苗栗縣,苗栗市,2024/1/21
24.59,120.78,苗栗縣,後龍鎮,2024/1/20
24.55,120.83,苗栗縣,苗栗市,2024/1/20
24.59,120.73,苗栗縣,後龍鎮,2024/1/20
24.58,120.73,苗栗縣,後龍鎮,2024/1/20
24.59,120.74,苗栗縣,後龍鎮,2024/1/19
24.47,120.75,苗栗縣,通霄鎮,2024/1/18
24.4,120.73,苗栗縣,苑裡鎮,2024/1/18
24.59,120.78,苗栗縣,後龍鎮,2024/1/18
24.5,120.7,苗栗縣,通霄鎮,2024/1/18
24.38,120.77,苗栗縣,三義鄉,2024/1/17
24.46,120.82,苗栗縣,銅鑼鄉,2024/1/17
24.48,120.75,苗栗縣,通霄鎮,2024/1/15
24.4,120.75,苗栗縣,三義鄉,2024/1/15
24.58,120.73,苗栗縣,後龍鎮,2024/1/14
24.41,120.83,苗栗縣,銅鑼鄉,2024/1/14
24.38,120.77,苗栗縣,三義鄉,2024/1/13
24.59,120.74,苗栗縣,後龍鎮,2024/1/13
24.55,120.83,苗栗縣,苗栗市,2024/1/12
24.55,120.83,苗栗縣,苗栗市,2024/1/12
24.59,120.71,苗栗縣,後龍鎮,2024/1/12
24.48,120.75,苗栗縣,通霄鎮,2024/1/11
24.55,120.83,苗栗縣,苗栗市,2024/1/11
24.59,120.71,苗栗縣,後龍鎮,2024/1/11
24.4,120.75,苗栗縣,三義鄉,2024/1/9
24.55,120.72,苗栗縣,通霄鎮,2024/1/9
24.59,120.71,苗栗縣,後龍鎮,2024/1/8
24.38,120.8,苗栗縣,三義鄉,2024/1/8
24.55,120.83,苗栗縣,苗栗市,2024/1/8
24.38,120.77,苗栗縣,三義鄉,2024/1/7
24.59,120.71,苗栗縣,後龍鎮,2024/1/7
24.55,120.83,苗栗縣,苗栗市,2024/1/6
24.48,120.75,苗栗縣,通霄鎮,2024/1/6
24.37,120.74,苗栗縣,三義鄉,2024/1/6
24.48,120.76,苗栗縣,銅鑼鄉,2024/1/6
24.47,120.74,苗栗縣,通霄鎮,2024/1/5
24.55,120.8,苗栗縣,苗栗市,2024/1/5
24.56,120.77,苗栗縣,苗栗市,2024/1/5
24.58,120.73,苗栗縣,後龍鎮,2024/1/4
24.59,120.74,苗栗縣,後龍鎮,2024/1/4
24.55,120.83,苗栗縣,苗栗市,2024/1/4
24.38,120.8,苗栗縣,三義鄉,2024/1/3
24.4,120.75,苗栗縣,三義鄉,2024/1/3
24.55,120.83,苗栗縣,苗栗市,2024/1/3
24.37,120.73,苗栗縣,三義鄉,2024/1/3
24.51,120.71,苗栗縣,通霄鎮,2024/1/3
24.52,120.68,苗栗縣,通霄鎮,2024/1/3
24.55,120.83,苗栗縣,苗栗市,2024/1/3
24.56,120.77,苗栗縣,苗栗市,2024/1/2
24.48,120.75,苗栗縣,通霄鎮,2024/1/2
24.4,120.75,苗栗縣,三義鄉,2024/1/2
24.55,120.83,苗栗縣,苗栗市,2024/1/2
24.55,120.83,苗栗縣,苗栗市,2024/1/1
24.4,120.75,苗栗縣,三義鄉,2024/1/1
24.55,120.83,苗栗縣,苗栗市,2024/1/1
24.55,120.83,苗栗縣,苗栗市,2024/1/1
24.59,120.71,苗栗縣,後龍鎮,2024/1/1
24.43,120.82,苗栗縣,銅鑼鄉,2023/12/31
24.38,120.8,苗栗縣,三義鄉,2023/12/31
24.58,120.73,苗栗縣,後龍鎮,2023/12/31
24.58,120.73,苗栗縣,後龍鎮,2023/12/30
24.55,120.83,苗栗縣,苗栗市,2023/12/30
24.59,120.74,苗栗縣,後龍鎮,2023/12/30
24.33,120.83,苗栗縣,卓蘭鎮,2023/12/29
24.4,120.75,苗栗縣,三義鄉,2023/12/29
24.58,120.73,苗栗縣,後龍鎮,2023/12/29
24.54,120.73,苗栗縣,西湖鄉,2023/12/29
24.59,120.74,苗栗縣,後龍鎮,2023/12/29
24.37,120.71,苗栗縣,苑裡鎮,2023/12/28
24.53,120.73,苗栗縣,通霄鎮,2023/12/28
24.58,120.73,苗栗縣,後龍鎮,2023/12/28
24.52,120.7,苗栗縣,通霄鎮,2023/12/28
24.55,120.74,苗栗縣,西湖鄉,2023/12/27
24.55,120.83,苗栗縣,苗栗市,2023/12/27
24.59,120.74,苗栗縣,後龍鎮,2023/12/26
24.55,120.83,苗栗縣,苗栗市,2023/12/26
24.46,120.82,苗栗縣,銅鑼鄉,2023/12/26
24.55,120.81,苗栗縣,苗栗市,2023/12/25
24.37,120.71,苗栗縣,苑裡鎮,2023/12/25
24.38,120.8,苗栗縣,三義鄉,2023/12/25
24.51,120.76,苗栗縣,西湖鄉,2023/12/25
24.59,120.71,苗栗縣,後龍鎮,2023/12/25
24.51,120.7,苗栗縣,通霄鎮,2023/12/25
24.47,120.75,苗栗縣,通霄鎮,2023/12/25
24.38,120.77,苗栗縣,三義鄉,2023/12/24
24.51,120.73,苗栗縣,通霄鎮,2023/12/24
24.54,120.73,苗栗縣,西湖鄉,2023/12/24
24.51,120.72,苗栗縣,通霄鎮,2023/12/23
24.55,120.81,苗栗縣,苗栗市,2023/12/23
24.55,120.83,苗栗縣,苗栗市,2023/12/23
24.37,120.71,苗栗縣,苑裡鎮,2023/12/23
24.56,120.76,苗栗縣,西湖鄉,2023/12/23
24.4,120.75,苗栗縣,三義鄉,2023/12/22
24.55,120.83,苗栗縣,苗栗市,2023/12/22
24.55,120.74,苗栗縣,西湖鄉,2023/12/22
24.48,120.75,苗栗縣,通霄鎮,2023/12/22
24.38,120.8,苗栗縣,三義鄉,2023/12/21
24.54,120.73,苗栗縣,西湖鄉,2023/12/21
24.56,120.77,苗栗縣,苗栗市,2023/12/20
24.55,120.83,苗栗縣,苗栗市,2023/12/19
24.59,120.71,苗栗縣,後龍鎮,2023/12/19
24.55,120.83,苗栗縣,苗栗市,2023/12/19
24.55,120.83,苗栗縣,苗栗市,2023/12/18
24.51,120.73,苗栗縣,通霄鎮,2023/12/18
24.55,120.83,苗栗縣,苗栗市,2023/12/18
24.56,120.76,苗栗縣,西湖鄉,2023/12/18
24.55,120.83,苗栗縣,苗栗市,2023/12/17
24.51,120.71,苗栗縣,通霄鎮,2023/12/17
24.55,120.74,苗栗縣,西湖鄉,2023/12/17
24.55,120.83,苗栗縣,苗栗市,2023/12/17
24.59,120.71,苗栗縣,後龍鎮,2023/12/17
24.55,120.83,苗栗縣,苗栗市,2023/12/17
24.58,120.73,苗栗縣,後龍鎮,2023/12/17
24.55,120.81,苗栗縣,苗栗市,2023/12/16
24.55,120.83,苗栗縣,苗栗市,2023/12/16
24.51,120.73,苗栗縣,通霄鎮,2023/12/16
24.4,120.75,苗栗縣,三義鄉,2023/12/16
24.59,120.71,苗栗縣,後龍鎮,2023/12/15
24.4,120.75,苗栗縣,三義鄉,2023/12/15
24.46,120.8,苗栗縣,銅鑼鄉,2023/12/15
24.47,120.75,苗栗縣,通霄鎮,2023/12/15
24.45,120.64,苗栗縣,苑裡鎮,2023/12/14
24.51,120.72,苗栗縣,通霄鎮,2023/12/14
24.56,120.76,苗栗縣,西湖鄉,2023/12/13
24.55,120.83,苗栗縣,苗栗市,2023/12/13
24.59,120.73,苗栗縣,後龍鎮,2023/12/13
24.59,120.74,苗栗縣,後龍鎮,2023/12/13
24.56,120.76,苗栗縣,西湖鄉,2023/12/13
24.51,120.72,苗栗縣,通霄鎮,2023/12/13
24.47,120.75,苗栗縣,通霄鎮,2023/12/13
24.51,120.72,苗栗縣,通霄鎮,2023/12/12
24.59,120.71,苗栗縣,後龍鎮,2023/12/12
24.43,120.81,苗栗縣,銅鑼鄉,2023/12/11
24.56,120.76,苗栗縣,西湖鄉,2023/12/11
24.52,120.7,苗栗縣,通霄鎮,2023/12/11
24.4,120.75,苗栗縣,三義鄉,2023/12/11
24.59,120.74,苗栗縣,後龍鎮,2023/12/11
24.56,120.76,苗栗縣,西湖鄉,2023/12/10
24.59,120.71,苗栗縣,後龍鎮,2023/12/10
24.48,120.71,苗栗縣,通霄鎮,2023/12/10
24.48,120.75,苗栗縣,通霄鎮,2023/12/9
24.55,120.8,苗栗縣,苗栗市,2023/12/9
24.55,120.81,苗栗縣,苗栗市,2023/12/9
24.38,120.8,苗栗縣,三義鄉,2023/12/9
24.55,120.83,苗栗縣,苗栗市,2023/12/9
24.54,120.71,苗栗縣,通霄鎮,2023/12/8
24.55,120.83,苗栗縣,苗栗市,2023/12/7
24.51,120.72,苗栗縣,通霄鎮,2023/12/7
24.59,120.71,苗栗縣,後龍鎮,2023/12/7
24.55,120.83,苗栗縣,苗栗市,2023/12/7
24.55,120.81,苗栗縣,苗栗市,2023/12/7
24.47,120.74,苗栗縣,通霄鎮,2023/12/7
24.56,120.76,苗栗縣,西湖鄉,2023/12/6
24.55,120.81,苗栗縣,苗栗市,2023/12/6
24.38,120.77,苗栗縣,三義鄉,2023/12/6
24.4,120.75,苗栗縣,三義鄉,2023/12/6
24.58,120.73,苗栗縣,後龍鎮,2023/12/6
24.38,120.77,苗栗縣,三義鄉,2023/12/5
24.59,120.74,苗栗縣,後龍鎮,2023/12/5
24.55,120.74,苗栗縣,西湖鄉,2023/12/5
24.58,120.73,苗栗縣,後龍鎮,2023/12/5
24.58,120.73,苗栗縣,後龍鎮,2023/12/4
24.62,120.86,苗栗縣,造橋鄉,2023/12/4
24.5,120.8,苗栗縣,銅鑼鄉,2023/12/3
24.5,120.8,苗栗縣,銅鑼鄉,2023/12/2
24.59,120.74,苗栗縣,後龍鎮,2023/12/2
24.51,120.72,苗栗縣,通霄鎮,2023/12/2
24.58,120.73,苗栗縣,後龍鎮,2023/12/1
24.5,120.76,苗栗縣,西湖鄉,2023/12/1
24.51,120.72,苗栗縣,通霄鎮,2023/12/1
24.48,120.75,苗栗縣,通霄鎮,2023/11/30
24.4,120.75,苗栗縣,三義鄉,2023/11/29
24.55,120.83,苗栗縣,苗栗市,2023/11/28
24.59,120.74,苗栗縣,後龍鎮,2023/11/28
24.56,120.76,苗栗縣,西湖鄉,2023/11/28
24.55,120.83,苗栗縣,苗栗市,2023/11/28
24.48,120.75,苗栗縣,通霄鎮,2023/11/28
24.38,120.8,苗栗縣,三義鄉,2023/11/28
24.5,120.76,苗栗縣,西湖鄉,2023/11/28
24.56,120.76,苗栗縣,西湖鄉,2023/11/26
24.59,120.71,苗栗縣,後龍鎮,2023/11/26
24.55,120.83,苗栗縣,苗栗市,2023/11/26
24.48,120.75,苗栗縣,通霄鎮,2023/11/26
24.59,120.71,苗栗縣,後龍鎮,2023/11/25
24.45,120.82,苗栗縣,銅鑼鄉,2023/11/25
24.59,120.74,苗栗縣,後龍鎮,2023/11/25
24.59,120.71,苗栗縣,後龍鎮,2023/11/24
24.56,120.76,苗栗縣,西湖鄉,2023/11/24
24.33,120.83,苗栗縣,卓蘭鎮,2023/11/24
24.55,120.83,苗栗縣,苗栗市,2023/11/24
24.41,120.83,苗栗縣,銅鑼鄉,2023/11/23
24.38,120.71,苗栗縣,苑裡鎮,2023/11/23
24.37,120.74,苗栗縣,三義鄉,2023/11/23
24.51,120.72,苗栗縣,通霄鎮,2023/11/22
24.59,120.74,苗栗縣,後龍鎮,2023/11/22
24.56,120.76,苗栗縣,西湖鄉,2023/11/22
24.55,120.74,苗栗縣,西湖鄉,2023/11/22
24.59,120.71,苗栗縣,後龍鎮,2023/11/22
24.38,120.77,苗栗縣,三義鄉,2023/11/21
24.48,120.71,苗栗縣,通霄鎮,2023/11/21
24.65,120.84,苗栗縣,造橋鄉,2023/11/21
24.58,120.73,苗栗縣,後龍鎮,2023/11/20
24.54,120.73,苗栗縣,西湖鄉,2023/11/19
24.47,120.75,苗栗縣,通霄鎮,2023/11/19
24.55,120.83,苗栗縣,苗栗市,2023/11/19
24.54,120.73,苗栗縣,西湖鄉,2023/11/18
24.59,120.74,苗栗縣,後龍鎮,2023/11/18
24.55,120.83,苗栗縣,苗栗市,2023/11/18
24.62,120.84,苗栗縣,造橋鄉,2023/11/17
24.43,120.81,苗栗縣,銅鑼鄉,2023/11/17
24.54,120.73,苗栗縣,西湖鄉,2023/11/17
24.56,120.77,苗栗縣,苗栗市,2023/11/17
24.38,120.77,苗栗縣,三義鄉,2023/11/17
24.4,120.72,苗栗縣,苑裡鎮,2023/11/16
24.56,120.76,苗栗縣,西湖鄉,2023/11/16
24.58,120.73,苗栗縣,後龍鎮,2023/11/16
24.38,120.77,苗栗縣,三義鄉,2023/11/15
24.38,120.77,苗栗縣,三義鄉,2023/11/15
24.51,120.72,苗栗縣,通霄鎮,2023/11/15
24.59,120.71,苗栗縣,後龍鎮,2023/11/15
24.51,120.72,苗栗縣,通霄鎮,2023/11/14
24.52,120.7,苗栗縣,通霄鎮,2023/11/14
24.38,120.73,苗栗縣,三義鄉,2023/11/14
24.49,120.75,苗栗縣,通霄鎮,2023/11/14
24.59,120.71,苗栗縣,後龍鎮,2023/11/14
24.38,120.8,苗栗縣,三義鄉,2023/11/13
24.56,120.76,苗栗縣,西湖鄉,2023/11/13
24.59,120.74,苗栗縣,後龍鎮,2023/11/12
24.54,120.73,苗栗縣,西湖鄉,2023/11/12
24.59,120.71,苗栗縣,後龍鎮,2023/11/12
24.56,120.76,苗栗縣,西湖鄉,2023/11/11
24.38,120.77,苗栗縣,三義鄉,2023/11/10
24.55,120.83,苗栗縣,苗栗市,2023/11/10
24.51,120.72,苗栗縣,通霄鎮,2023/11/9
24.56,120.76,苗栗縣,西湖鄉,2023/11/8
24.55,120.83,苗栗縣,苗栗市,2023/11/8
24.45,120.82,苗栗縣,銅鑼鄉,2023/11/8
24.39,120.76,苗栗縣,三義鄉,2023/11/8
24.4,120.75,苗栗縣,三義鄉,2023/11/8
24.56,120.76,苗栗縣,西湖鄉,2023/11/8
24.55,120.83,苗栗縣,苗栗市,2023/11/7
24.37,120.73,苗栗縣,三義鄉,2023/11/6
24.55,120.72,苗栗縣,通霄鎮,2023/11/6
24.38,120.77,苗栗縣,三義鄉,2023/11/5
24.4,120.72,苗栗縣,苑裡鎮,2023/11/5
24.65,120.84,苗栗縣,造橋鄉,2023/11/5
24.5,120.75,苗栗縣,通霄鎮,2023/11/5
24.59,120.74,苗栗縣,後龍鎮,2023/11/4
24.47,120.76,苗栗縣,銅鑼鄉,2023/11/4
24.59,120.71,苗栗縣,後龍鎮,2023/11/4
24.47,120.75,苗栗縣,通霄鎮,2023/11/4
24.59,120.71,苗栗縣,後龍鎮,2023/11/3
24.43,120.77,苗栗縣,三義鄉,2023/11/3
24.41,120.83,苗栗縣,銅鑼鄉,2023/11/3
24.37,120.74,苗栗縣,三義鄉,2023/11/2
24.4,120.75,苗栗縣,三義鄉,2023/11/2
24.55,120.83,苗栗縣,苗栗市,2023/11/1
24.4,120.72,苗栗縣,苑裡鎮,2023/11/1
24.38,120.73,苗栗縣,三義鄉,2023/11/1
24.51,120.72,苗栗縣,通霄鎮,2023/11/1
24.43,120.77,苗栗縣,三義鄉,2023/10/31
24.41,120.83,苗栗縣,銅鑼鄉,2023/10/31
24.55,120.83,苗栗縣,苗栗市,2023/10/30
24.51,120.7,苗栗縣,通霄鎮,2023/10/30
24.55,120.83,苗栗縣,苗栗市,2023/10/29
24.5,120.7,苗栗縣,通霄鎮,2023/10/29
24.62,120.84,苗栗縣,造橋鄉,2023/10/28
24.45,120.82,苗栗縣,銅鑼鄉,2023/10/28
24.47,120.75,苗栗縣,通霄鎮,2023/10/26
24.59,120.71,苗栗縣,後龍鎮,2023/10/25
24.53,120.79,苗栗縣,苗栗市,2023/10/25
24.38,120.8,苗栗縣,三義鄉,2023/10/25
24.42,120.7,苗栗縣,苑裡鎮,2023/10/23
24.56,120.76,苗栗縣,西湖鄉,2023/10/23
24.55,120.81,苗栗縣,苗栗市,2023/10/23
24.58,120.73,苗栗縣,後龍鎮,2023/10/21
24.65,120.84,苗栗縣,造橋鄉,2023/10/19
24.65,120.84,苗栗縣,造橋鄉,2023/10/18
24.42,120.7,苗栗縣,苑裡鎮,2023/10/18
24.45,120.68,苗栗縣,通霄鎮,2023/10/18
24.65,120.84,苗栗縣,造橋鄉,2023/10/14
24.48,120.75,苗栗縣,通霄鎮,2023/10/11
24.46,120.68,苗栗縣,通霄鎮,2023/10/10
24.57,120.76,苗栗縣,西湖鄉,2023/10/9
24.42,120.7,苗栗縣,苑裡鎮,2023/10/9
24.38,120.8,苗栗縣,三義鄉,2023/10/8
24.47,120.75,苗栗縣,通霄鎮,2023/10/8
24.48,120.75,苗栗縣,通霄鎮,2023/10/8
24.45,120.68,苗栗縣,通霄鎮,2023/10/8
24.65,120.84,苗栗縣,造橋鄉,2023/10/7
24.33,120.86,苗栗縣,卓蘭鎮,2023/10/4
24.5,120.7,苗栗縣,通霄鎮,2023/10/3
24.38,120.8,苗栗縣,三義鄉,2023/10/2
24.42,120.7,苗栗縣,苑裡鎮,2023/9/30
24.45,120.68,苗栗縣,通霄鎮,2023/9/29
24.58,120.85,苗栗縣,頭屋鄉,2023/9/29
24.43,120.7,苗栗縣,苑裡鎮,2023/9/29
24.4,120.7,苗栗縣,苑裡鎮,2023/9/28
24.65,120.84,苗栗縣,造橋鄉,2023/9/27
24.45,120.68,苗栗縣,通霄鎮,2023/9/27
24.46,120.68,苗栗縣,通霄鎮,2023/9/25
24.43,120.71,苗栗縣,通霄鎮,2023/9/24
24.4,120.7,苗栗縣,苑裡鎮,2023/9/24
24.55,120.76,苗栗縣,西湖鄉,2023/9/24
24.56,120.76,苗栗縣,西湖鄉,2023/9/24
24.4,120.7,苗栗縣,苑裡鎮,2023/9/22
24.4,120.73,苗栗縣,苑裡鎮,2023/9/21
24.49,120.75,苗栗縣,通霄鎮,2023/9/20
24.46,120.68,苗栗縣,通霄鎮,2023/9/19
24.43,120.73,苗栗縣,通霄鎮,2023/9/16
24.4,120.7,苗栗縣,苑裡鎮,2023/9/14
24.56,120.76,苗栗縣,西湖鄉,2023/9/14
24.56,120.76,苗栗縣,西湖鄉,2023/9/13
24.53,120.78,苗栗縣,西湖鄉,2023/9/13
24.43,120.73,苗栗縣,通霄鎮,2023/9/12
24.4,120.7,苗栗縣,苑裡鎮,2023/9/11
24.4,120.73,苗栗縣,苑裡鎮,2023/9/9
24.43,120.73,苗栗縣,通霄鎮,2023/9/5
24.56,120.76,苗栗縣,西湖鄉,2023/9/5
24.58,120.85,苗栗縣,頭屋鄉,2023/9/4
24.5,120.75,苗栗縣,通霄鎮,2023/9/4
24.45,120.68,苗栗縣,通霄鎮,2023/9/3
24.45,120.68,苗栗縣,通霄鎮,2023/9/3
24.4,120.72,苗栗縣,苑裡鎮,2023/9/3
24.4,120.7,苗栗縣,苑裡鎮,2023/9/2
24.45,120.68,苗栗縣,通霄鎮,2023/9/2
24.5,120.74,苗栗縣,通霄鎮,2023/8/27
24.48,120.74,苗栗縣,通霄鎮,2023/8/26
24.42,120.8,苗栗縣,銅鑼鄉,2023/8/26
24.53,120.78,苗栗縣,西湖鄉,2023/8/25
24.4,120.71,苗栗縣,苑裡鎮,2023/8/25
24.5,120.7,苗栗縣,通霄鎮,2023/8/23
24.43,120.8,苗栗縣,銅鑼鄉,2023/8/22
24.53,120.77,苗栗縣,西湖鄉,2023/8/21
24.57,120.76,苗栗縣,西湖鄉,2023/8/19
24.46,120.68,苗栗縣,通霄鎮,2023/8/15
24.43,120.73,苗栗縣,通霄鎮,2023/8/15
24.46,120.68,苗栗縣,通霄鎮,2023/8/15
24.43,120.73,苗栗縣,通霄鎮,2023/8/14
24.48,120.74,苗栗縣,通霄鎮,2023/8/13
24.43,120.73,苗栗縣,通霄鎮,2023/8/13
24.58,120.78,苗栗縣,苗栗市,2023/8/13
24.58,120.76,苗栗縣,西湖鄉,2023/8/13
24.48,120.74,苗栗縣,通霄鎮,2023/8/11
24.4,120.72,苗栗縣,苑裡鎮,2023/8/7
24.5,120.74,苗栗縣,通霄鎮,2023/8/7
24.58,120.76,苗栗縣,西湖鄉,2023/8/6
24.5,120.7,苗栗縣,通霄鎮,2023/8/6
24.46,120.68,苗栗縣,通霄鎮,2023/8/5
24.53,120.77,苗栗縣,西湖鄉,2023/8/4
24.5,120.68,苗栗縣,通霄鎮,2023/8/3
24.53,120.77,苗栗縣,西湖鄉,2023/8/2
24.5,120.74,苗栗縣,通霄鎮,2023/7/31
24.48,120.74,苗栗縣,通霄鎮,2023/7/23
24.48,120.74,苗栗縣,通霄鎮,2023/7/22
24.4,120.71,苗栗縣,苑裡鎮,2023/7/21
24.48,120.74,苗栗縣,通霄鎮,2023/7/20
24.36,120.82,苗栗縣,大湖鄉,2023/7/17
24.53,120.77,苗栗縣,西湖鄉,2023/7/17
24.55,120.78,苗栗縣,西湖鄉,2023/7/16
24.46,120.68,苗栗縣,通霄鎮,2023/7/15
24.46,120.68,苗栗縣,通霄鎮,2023/7/14
24.52,120.73,苗栗縣,通霄鎮,2023/7/14
24.55,120.78,苗栗縣,西湖鄉,2023/7/14
24.52,120.73,苗栗縣,通霄鎮,2023/7/12
24.53,120.77,苗栗縣,西湖鄉,2023/7/5
24.55,120.78,苗栗縣,西湖鄉,2023/7/4
24.53,120.77,苗栗縣,西湖鄉,2023/7/2
24.46,120.68,苗栗縣,通霄鎮,2023/6/26
24.53,120.77,苗栗縣,西湖鄉,2023/6/19
24.45,120.68,苗栗縣,通霄鎮,2023/6/16
24.46,120.68,苗栗縣,通霄鎮,2023/6/10
24.55,120.79,苗栗縣,苗栗市,2023/5/24
24.46,120.68,苗栗縣,通霄鎮,2023/5/11
24.46,120.7,苗栗縣,通霄鎮,2023/4/30
24.46,120.7,苗栗縣,通霄鎮,2023/4/29
24.46,120.7,苗栗縣,通霄鎮,2023/4/24
24.59,120.8,苗栗縣,苗栗市,2023/4/17
24.55,120.8,苗栗縣,苗栗市,2023/4/13
24.4,120.72,苗栗縣,苑裡鎮,2023/4/8
24.46,120.7,苗栗縣,通霄鎮,2023/4/7
24.46,120.7,苗栗縣,通霄鎮,2023/3/26
24.46,120.7,苗栗縣,通霄鎮,2023/3/22
24.46,120.7,苗栗縣,通霄鎮,2023/3/21
24.46,120.7,苗栗縣,通霄鎮,2023/3/19
24.46,120.7,苗栗縣,通霄鎮,2023/3/12
24.46,120.7,苗栗縣,通霄鎮,2023/3/5
24.4,120.72,苗栗縣,苑裡鎮,2023/3/1
24.46,120.7,苗栗縣,通霄鎮,2023/2/26
24.38,120.71,苗栗縣,苑裡鎮,2023/2/24
24.55,120.8,苗栗縣,苗栗市,2023/2/23
24.46,120.7,苗栗縣,通霄鎮,2023/2/17
24.46,120.7,苗栗縣,通霄鎮,2023/2/6
24.4,120.72,苗栗縣,苑裡鎮,2023/2/4
24.4,120.72,苗栗縣,苑裡鎮,2023/2/3
24.46,120.7,苗栗縣,通霄鎮,2023/1/31
24.46,120.7,苗栗縣,通霄鎮,2023/1/29
24.46,120.7,苗栗縣,通霄鎮,2023/1/28
24.46,120.7,苗栗縣,通霄鎮,2023/1/26
24.46,120.7,苗栗縣,通霄鎮,2023/1/16
24.46,120.7,苗栗縣,通霄鎮,2023/1/15
24.56,120.86,苗栗縣,頭屋鄉,2023/1/6
24.56,120.86,苗栗縣,頭屋鄉,2023/1/6
24.4,120.72,苗栗縣,苑裡鎮,2023/1/5
24.4,120.72,苗栗縣,苑裡鎮,2022/12/30
24.5,120.74,苗栗縣,通霄鎮,2022/12/23
24.46,120.7,苗栗縣,通霄鎮,2022/12/21
24.45,120.68,苗栗縣,通霄鎮,2022/12/19
24.46,120.7,苗栗縣,通霄鎮,2022/12/18
24.5,120.74,苗栗縣,通霄鎮,2022/12/17
24.5,120.74,苗栗縣,通霄鎮,2022/12/15
24.45,120.68,苗栗縣,通霄鎮,2022/12/15
24.5,120.74,苗栗縣,通霄鎮,2022/12/14
24.45,120.68,苗栗縣,通霄鎮,2022/12/12
24.45,120.68,苗栗縣,通霄鎮,2022/12/11
24.5,120.75,苗栗縣,通霄鎮,2022/12/9
24.43,120.71,苗栗縣,通霄鎮,2022/12/9
24.4,120.72,苗栗縣,苑裡鎮,2022/12/6
24.5,120.75,苗栗縣,通霄鎮,2022/12/5
24.5,120.75,苗栗縣,通霄鎮,2022/12/2
24.6,120.83,苗栗縣,造橋鄉,2022/11/27
24.5,120.74,苗栗縣,通霄鎮,2022/11/26
24.4,120.71,苗栗縣,苑裡鎮,2022/11/23
24.5,120.74,苗栗縣,通霄鎮,2022/11/23
24.43,120.71,苗栗縣,通霄鎮,2022/11/22
24.45,120.68,苗栗縣,通霄鎮,2022/11/22
24.46,120.68,苗栗縣,通霄鎮,2022/11/21
24.43,120.71,苗栗縣,通霄鎮,2022/11/20
24.5,120.74,苗栗縣,通霄鎮,2022/11/20
24.52,120.76,苗栗縣,西湖鄉,2022/11/16
24.5,120.74,苗栗縣,通霄鎮,2022/11/16
24.43,120.71,苗栗縣,通霄鎮,2022/11/15
24.45,120.68,苗栗縣,通霄鎮,2022/11/14
24.4,120.72,苗栗縣,苑裡鎮,2022/11/12
24.38,120.71,苗栗縣,苑裡鎮,2022/11/11
24.5,120.74,苗栗縣,通霄鎮,2022/11/11
24.5,120.68,苗栗縣,通霄鎮,2022/11/11
24.4,120.72,苗栗縣,苑裡鎮,2022/11/8
24.59,120.8,苗栗縣,苗栗市,2022/11/8
24.46,120.68,苗栗縣,通霄鎮,2022/11/6
24.38,120.71,苗栗縣,苑裡鎮,2022/11/5
24.45,120.68,苗栗縣,通霄鎮,2022/11/4
24.48,120.72,苗栗縣,通霄鎮,2022/11/3
24.52,120.76,苗栗縣,西湖鄉,2022/11/2
24.38,120.71,苗栗縣,苑裡鎮,2022/11/2
24.5,120.74,苗栗縣,通霄鎮,2022/11/2
24.54,120.73,苗栗縣,西湖鄉,2022/11/2
24.33,120.82,苗栗縣,卓蘭鎮,2022/11/1
24.59,120.8,苗栗縣,苗栗市,2022/11/1
24.5,120.75,苗栗縣,通霄鎮,2022/10/31
24.52,120.76,苗栗縣,西湖鄉,2022/10/30
24.52,120.76,苗栗縣,西湖鄉,2022/10/30
24.48,120.72,苗栗縣,通霄鎮,2022/10/24
24.38,120.71,苗栗縣,苑裡鎮,2022/10/23
24.46,120.68,苗栗縣,通霄鎮,2022/10/23
24.52,120.76,苗栗縣,西湖鄉,2022/10/22
24.4,120.7,苗栗縣,苑裡鎮,2022/10/22
24.46,120.68,苗栗縣,通霄鎮,2022/10/21
24.39,120.71,苗栗縣,苑裡鎮,2022/10/20
24.38,120.71,苗栗縣,苑裡鎮,2022/10/20
24.52,120.76,苗栗縣,西湖鄉,2022/10/20
24.42,120.7,苗栗縣,苑裡鎮,2022/10/17
24.48,120.72,苗栗縣,通霄鎮,2022/10/16
24.48,120.72,苗栗縣,通霄鎮,2022/10/15
24.5,120.75,苗栗縣,通霄鎮,2022/10/14
24.5,120.74,苗栗縣,通霄鎮,2022/10/13
24.5,120.74,苗栗縣,通霄鎮,2022/10/12
24.45,120.68,苗栗縣,通霄鎮,2022/10/10
24.33,120.86,苗栗縣,卓蘭鎮,2022/10/9
24.33,120.86,苗栗縣,卓蘭鎮,2022/10/7
24.4,120.7,苗栗縣,苑裡鎮,2022/10/7
24.43,120.7,苗栗縣,苑裡鎮,2022/10/4
24.32,120.83,苗栗縣,卓蘭鎮,2022/10/4
24.54,120.73,苗栗縣,西湖鄉,2022/10/2
24.33,120.86,苗栗縣,卓蘭鎮,2022/10/1
24.36,120.82,苗栗縣,大湖鄉,2022/9/30
24.32,120.83,苗栗縣,卓蘭鎮,2022/9/28
24.38,120.71,苗栗縣,苑裡鎮,2022/9/28
24.41,120.8,苗栗縣,銅鑼鄉,2022/9/28
24.57,120.75,苗栗縣,西湖鄉,2022/9/27
24.33,120.86,苗栗縣,卓蘭鎮,2022/9/27
24.33,120.86,苗栗縣,卓蘭鎮,2022/9/26
24.5,120.75,苗栗縣,通霄鎮,2022/9/26
24.54,120.73,苗栗縣,西湖鄉,2022/9/25
24.38,120.71,苗栗縣,苑裡鎮,2022/9/24
24.52,120.76,苗栗縣,西湖鄉,2022/9/24
24.48,120.86,苗栗縣,公館鄉,2022/9/23
24.33,120.82,苗栗縣,卓蘭鎮,2022/9/21
24.5,120.74,苗栗縣,通霄鎮,2022/9/20
24.54,120.89,苗栗縣,頭屋鄉,2022/9/19
24.54,120.73,苗栗縣,西湖鄉,2022/9/19
24.5,120.75,苗栗縣,通霄鎮,2022/9/19
24.5,120.74,苗栗縣,通霄鎮,2022/9/19
24.38,120.71,苗栗縣,苑裡鎮,2022/9/19
24.43,120.7,苗栗縣,苑裡鎮,2022/9/18
24.38,120.71,苗栗縣,苑裡鎮,2022/9/17
24.38,120.71,苗栗縣,苑裡鎮,2022/9/15
24.43,120.7,苗栗縣,苑裡鎮,2022/9/13
24.52,120.76,苗栗縣,西湖鄉,2022/9/11
24.48,120.73,苗栗縣,通霄鎮,2022/9/11
24.4,120.71,苗栗縣,苑裡鎮,2022/9/9
24.57,120.75,苗栗縣,西湖鄉,2022/9/8
24.43,120.7,苗栗縣,苑裡鎮,2022/9/8
24.38,120.71,苗栗縣,苑裡鎮,2022/9/6
24.56,120.76,苗栗縣,西湖鄉,2022/9/6
24.38,120.71,苗栗縣,苑裡鎮,2022/9/5
24.54,120.75,苗栗縣,西湖鄉,2022/9/4
24.42,120.7,苗栗縣,苑裡鎮,2022/9/3
24.5,120.75,苗栗縣,通霄鎮,2022/9/1
24.56,120.76,苗栗縣,西湖鄉,2022/8/31
24.59,120.8,苗栗縣,苗栗市,2022/8/31
24.43,120.7,苗栗縣,苑裡鎮,2022/8/28
24.4,120.71,苗栗縣,苑裡鎮,2022/8/25
24.43,120.7,苗栗縣,苑裡鎮,2022/8/25
24.38,120.71,苗栗縣,苑裡鎮,2022/8/24
24.54,120.75,苗栗縣,西湖鄉,2022/8/23
24.53,120.79,苗栗縣,苗栗市,2022/8/18
24.38,120.71,苗栗縣,苑裡鎮,2022/8/15
24.49,120.73,苗栗縣,通霄鎮,2022/8/13
24.38,120.71,苗栗縣,苑裡鎮,2022/8/10
24.38,120.71,苗栗縣,苑裡鎮,2022/8/8
24.47,120.74,苗栗縣,通霄鎮,2022/7/30
24.38,120.71,苗栗縣,苑裡鎮,2022/7/23
24.47,120.74,苗栗縣,通霄鎮,2022/3/11
24.6,120.76,苗栗縣,後龍鎮,2022/3/7
24.47,120.74,苗栗縣,通霄鎮,2022/3/6
24.47,120.74,苗栗縣,通霄鎮,2022/3/5
24.47,120.74,苗栗縣,通霄鎮,2022/3/3
24.6,120.76,苗栗縣,後龍鎮,2022/2/24
24.6,120.76,苗栗縣,後龍鎮,2022/2/17
24.47,120.74,苗栗縣,通霄鎮,2022/2/15
24.51,120.73,苗栗縣,通霄鎮,2022/1/9
24.47,120.74,苗栗縣,通霄鎮,2022/1/1
24.38,120.71,苗栗縣,苑裡鎮,2022/1/1
24.47,120.74,苗栗縣,通霄鎮,2021/12/31
24.38,120.71,苗栗縣,苑裡鎮,2021/12/22
24.47,120.74,苗栗縣,通霄鎮,2021/11/20
24.53,120.77,苗栗縣,西湖鄉,2021/11/11
24.53,120.77,苗栗縣,西湖鄉,2021/11/10
24.56,120.86,苗栗縣,頭屋鄉,2021/11/3
24.54,120.89,苗栗縣,頭屋鄉,2021/11/2
24.53,120.77,苗栗縣,西湖鄉,2021/10/19
24.53,120.77,苗栗縣,西湖鄉,2021/10/9
24.53,120.77,苗栗縣,西湖鄉,2021/10/8
24.43,120.79,苗栗縣,銅鑼鄉,2021/10/5
24.53,120.77,苗栗縣,西湖鄉,2021/10/4
24.53,120.77,苗栗縣,西湖鄉,2021/9/25
24.53,120.77,苗栗縣,西湖鄉,2021/9/24
24.53,120.77,苗栗縣,西湖鄉,2021/9/23
24.53,120.77,苗栗縣,西湖鄉,2021/9/20
24.43,120.79,苗栗縣,銅鑼鄉,2021/9/19
24.38,120.71,苗栗縣,苑裡鎮,2021/9/12
24.41,120.71,苗栗縣,苑裡鎮,2021/8/21
24.38,120.71,苗栗縣,苑裡鎮,2021/6/19
24.38,120.71,苗栗縣,苑裡鎮,2021/6/9
24.38,120.71,苗栗縣,苑裡鎮,2021/5/14
24.38,120.71,苗栗縣,苑裡鎮,2021/5/2
24.38,120.71,苗栗縣,苑裡鎮,2021/4/23
24.38,120.71,苗栗縣,苑裡鎮,2021/2/10
24.57,120.77,苗栗縣,西湖鄉,2021/1/22
24.38,120.71,苗栗縣,苑裡鎮,2021/1/16
24.38,120.71,苗栗縣,苑裡鎮,2020/12/28
24.38,120.71,苗栗縣,苑裡鎮,2020/11/20
24.38,120.71,苗栗縣,苑裡鎮,2020/11/15
24.55,120.74,苗栗縣,西湖鄉,2020/11/9
24.38,120.71,苗栗縣,苑裡鎮,2020/11/6
24.38,120.71,苗栗縣,苑裡鎮,2020/11/4
24.38,120.71,苗栗縣,苑裡鎮,2020/10/28
24.38,120.71,苗栗縣,苑裡鎮,2020/10/23
24.38,120.71,苗栗縣,苑裡鎮,2020/10/19
24.38,120.71,苗栗縣,苑裡鎮,2020/10/14
24.38,120.71,苗栗縣,苑裡鎮,2020/10/13
24.38,120.71,苗栗縣,苑裡鎮,2020/10/12
24.38,120.71,苗栗縣,苑裡鎮,2020/10/11
24.38,120.71,苗栗縣,苑裡鎮,2020/10/8
24.51,120.69,苗栗縣,通霄鎮,2020/9/29
24.51,120.69,苗栗縣,通霄鎮,2020/9/29
24.51,120.71,苗栗縣,通霄鎮,2020/9/28
24.5,120.7,苗栗縣,通霄鎮,2020/9/28
24.51,120.69,苗栗縣,通霄鎮,2020/9/28
24.51,120.7,苗栗縣,通霄鎮,2020/9/28
24.51,120.69,苗栗縣,通霄鎮,2020/9/28
24.52,120.7,苗栗縣,通霄鎮,2020/9/28
24.51,120.7,苗栗縣,通霄鎮,2020/9/27
24.51,120.69,苗栗縣,通霄鎮,2020/9/27
24.51,120.69,苗栗縣,通霄鎮,2020/9/26
24.52,120.7,苗栗縣,通霄鎮,2020/9/25
24.51,120.7,苗栗縣,通霄鎮,2020/9/25
24.51,120.69,苗栗縣,通霄鎮,2020/9/25
24.51,120.7,苗栗縣,通霄鎮,2020/9/24
24.52,120.7,苗栗縣,通霄鎮,2020/9/24
24.51,120.69,苗栗縣,通霄鎮,2020/9/24
24.5,120.7,苗栗縣,通霄鎮,2020/9/23
24.51,120.69,苗栗縣,通霄鎮,2020/9/23
24.51,120.69,苗栗縣,通霄鎮,2020/9/23
24.52,120.7,苗栗縣,通霄鎮,2020/9/23
24.5,120.7,苗栗縣,通霄鎮,2020/9/22
24.51,120.69,苗栗縣,通霄鎮,2020/9/22
24.51,120.69,苗栗縣,通霄鎮,2020/9/22
24.52,120.7,苗栗縣,通霄鎮,2020/9/22
24.52,120.7,苗栗縣,通霄鎮,2020/9/21
24.5,120.7,苗栗縣,通霄鎮,2020/9/21
24.51,120.69,苗栗縣,通霄鎮,2020/9/21
24.51,120.69,苗栗縣,通霄鎮,2020/9/21
24.51,120.71,苗栗縣,通霄鎮,2020/9/21
24.51,120.69,苗栗縣,通霄鎮,2020/9/20
24.51,120.69,苗栗縣,通霄鎮,2020/9/20
24.51,120.7,苗栗縣,通霄鎮,2020/9/20
24.52,120.7,苗栗縣,通霄鎮,2020/9/20
24.51,120.69,苗栗縣,通霄鎮,2020/9/19
24.52,120.7,苗栗縣,通霄鎮,2020/9/19
24.5,120.7,苗栗縣,通霄鎮,2020/9/19
24.51,120.69,苗栗縣,通霄鎮,2020/9/19
24.52,120.7,苗栗縣,通霄鎮,2020/9/18
24.5,120.7,苗栗縣,通霄鎮,2020/9/18
24.51,120.7,苗栗縣,通霄鎮,2020/9/17
24.5,120.7,苗栗縣,通霄鎮,2020/9/17
24.52,120.7,苗栗縣,通霄鎮,2020/9/17
24.51,120.69,苗栗縣,通霄鎮,2020/9/17
24.51,120.71,苗栗縣,通霄鎮,2020/9/16
24.5,120.7,苗栗縣,通霄鎮,2020/9/16
24.51,120.7,苗栗縣,通霄鎮,2020/9/16
24.51,120.69,苗栗縣,通霄鎮,2020/9/16
24.51,120.69,苗栗縣,通霄鎮,2020/9/16
24.52,120.7,苗栗縣,通霄鎮,2020/9/15
24.5,120.7,苗栗縣,通霄鎮,2020/9/15
24.52,120.71,苗栗縣,通霄鎮,2020/9/15
24.51,120.69,苗栗縣,通霄鎮,2020/9/15
24.52,120.71,苗栗縣,通霄鎮,2020/9/14
24.52,120.7,苗栗縣,通霄鎮,2020/9/14
24.52,120.7,苗栗縣,通霄鎮,2020/9/13
24.51,120.69,苗栗縣,通霄鎮,2020/9/13
24.52,120.71,苗栗縣,通霄鎮,2020/9/13
24.51,120.7,苗栗縣,通霄鎮,2020/9/13
24.51,120.69,苗栗縣,通霄鎮,2020/9/12
24.52,120.7,苗栗縣,通霄鎮,2020/9/12
24.5,120.7,苗栗縣,通霄鎮,2020/9/12
24.51,120.7,苗栗縣,通霄鎮,2020/9/11
24.52,120.7,苗栗縣,通霄鎮,2020/9/11
24.5,120.7,苗栗縣,通霄鎮,2020/9/11
24.51,120.69,苗栗縣,通霄鎮,2020/9/11
24.5,120.7,苗栗縣,通霄鎮,2020/9/10
24.52,120.7,苗栗縣,通霄鎮,2020/9/10
24.51,120.69,苗栗縣,通霄鎮,2020/9/10
24.51,120.7,苗栗縣,通霄鎮,2020/9/9
24.5,120.7,苗栗縣,通霄鎮,2020/9/9
24.51,120.69,苗栗縣,通霄鎮,2020/9/9
24.52,120.7,苗栗縣,通霄鎮,2020/9/9
24.51,120.69,苗栗縣,通霄鎮,2020/9/9
24.51,120.7,苗栗縣,通霄鎮,2020/9/8
24.5,120.7,苗栗縣,通霄鎮,2020/9/8
24.51,120.69,苗栗縣,通霄鎮,2020/9/8
24.52,120.7,苗栗縣,通霄鎮,2020/9/8
24.51,120.69,苗栗縣,通霄鎮,2020/9/7
24.51,120.69,苗栗縣,通霄鎮,2020/9/7
24.52,120.7,苗栗縣,通霄鎮,2020/9/7
24.5,120.7,苗栗縣,通霄鎮,2020/9/7
24.51,120.69,苗栗縣,通霄鎮,2020/9/6
24.52,120.7,苗栗縣,通霄鎮,2020/9/6
24.51,120.69,苗栗縣,通霄鎮,2020/9/5
24.52,120.7,苗栗縣,通霄鎮,2020/9/5
24.51,120.7,苗栗縣,通霄鎮,2020/9/5
24.51,120.69,苗栗縣,通霄鎮,2020/9/5
24.51,120.69,苗栗縣,通霄鎮,2020/9/4
24.52,120.7,苗栗縣,通霄鎮,2020/9/4
24.52,120.7,苗栗縣,通霄鎮,2020/9/3
24.51,120.69,苗栗縣,通霄鎮,2020/9/3
24.51,120.69,苗栗縣,通霄鎮,2020/9/2
24.51,120.69,苗栗縣,通霄鎮,2020/9/2
24.52,120.7,苗栗縣,通霄鎮,2020/9/1
24.51,120.7,苗栗縣,通霄鎮,2020/9/1
24.5,120.7,苗栗縣,通霄鎮,2020/8/31
24.51,120.69,苗栗縣,通霄鎮,2020/8/31
24.51,120.69,苗栗縣,通霄鎮,2020/8/31
24.52,120.7,苗栗縣,通霄鎮,2020/8/31
24.51,120.7,苗栗縣,通霄鎮,2020/8/30
24.5,120.7,苗栗縣,通霄鎮,2020/8/30
24.52,120.7,苗栗縣,通霄鎮,2020/8/30
24.51,120.71,苗栗縣,通霄鎮,2020/8/29
24.51,120.71,苗栗縣,通霄鎮,2020/8/28
24.51,120.7,苗栗縣,通霄鎮,2020/8/28
24.5,120.7,苗栗縣,通霄鎮,2020/8/28
24.5,120.7,苗栗縣,通霄鎮,2020/8/26
24.5,120.7,苗栗縣,通霄鎮,2020/8/20
24.5,120.7,苗栗縣,通霄鎮,2020/8/18
24.5,120.7,苗栗縣,通霄鎮,2020/8/14
24.5,120.7,苗栗縣,通霄鎮,2020/8/10
24.5,120.7,苗栗縣,通霄鎮,2020/8/9
24.5,120.7,苗栗縣,通霄鎮,2020/8/8
24.5,120.7,苗栗縣,通霄鎮,2020/8/7
24.5,120.7,苗栗縣,通霄鎮,2020/8/6
24.5,120.7,苗栗縣,通霄鎮,2020/8/5
24.5,120.7,苗栗縣,通霄鎮,2020/8/2
24.5,120.7,苗栗縣,通霄鎮,2020/7/30
24.5,120.7,苗栗縣,通霄鎮,2020/7/26
24.5,120.7,苗栗縣,通霄鎮,2020/7/18
24.5,120.7,苗栗縣,通霄鎮,2020/7/17
24.5,120.7,苗栗縣,通霄鎮,2020/7/11
24.5,120.7,苗栗縣,通霄鎮,2020/7/7
24.5,120.7,苗栗縣,通霄鎮,2020/6/27
24.5,120.7,苗栗縣,通霄鎮,2020/6/25
24.5,120.7,苗栗縣,通霄鎮,2020/6/20
24.5,120.7,苗栗縣,通霄鎮,2020/6/19
24.5,120.7,苗栗縣,通霄鎮,2020/6/18
24.5,120.7,苗栗縣,通霄鎮,2020/6/17
24.5,120.7,苗栗縣,通霄鎮,2020/6/16
24.5,120.7,苗栗縣,通霄鎮,2020/6/15
24.5,120.7,苗栗縣,通霄鎮,2020/6/14
24.5,120.7,苗栗縣,通霄鎮,2020/6/13
24.5,120.7,苗栗縣,通霄鎮,2020/6/10
24.52,120.71,苗栗縣,通霄鎮,2020/1/14
